[
    {
        "uuid": "2a7a51d5-1e9a-51c1-a8d8-6a72d29ece0b",
        "authors": [
            "Letford, William",
            "Jones, Allen W."
        ],
        "displayName": "Federal Raids in Alabama, 1861-1865",
        "publishDate": {
            "year": 1965
        },
        "viewUrl": "http://cartweb.geography.ua.edu/lizardtech/iserv/calcrgn?cat=Special%20Topics&item=Civil%20War/CivilWar1965a.sid&wid=500&hei=400&props=item(Name,Description),cat(Name,Description)&style=simple/view-dhtml.xsl",
        "downloadUrl": "http://cartweb.geography.ua.edu/lizardtech/iserv/getimage?cat=Special+Topics&item=Civil+War%2FCivilWar1965a.sid&lev=0&wid=5000&hei=4000",
        "md5": "2491de2e5a4b027edcf50142425a7787",
        "phash": "bcb490cacb9a31ce",
        "resolution": [
            3406,
            4367
        ],
        "fileSize": 3012119,
        "languages": [
            "cat"
        ],
        "tags": [],
        "abstract": null,
        "rights": "unknown",
        "source": {
            "name": "Alabama Maps",
            "url": "http://alabamamaps.ua.edu/historicalmaps/civilwar/unionroutes.html",
            "accessDate": "2023-03-12T17:13:30.855791+00:00"
        }
    },
    {
        "uuid": "03c6c9a5-88e0-54e4-8399-e23d327ea5c5",
        "authors": [
            "U.S. Army War College"
        ],
        "displayName": "Q4-Traffic Routes, IX Corps",
        "publishDate": {
            "year": 1917
        },
        "viewUrl": "http://cartweb.geography.ua.edu/lizardtech/iserv/calcrgn?cat=Special%20Topics&item=World%20War%20I/WorldWar11917j.sid&wid=500&hei=400&props=item(Name,Description),cat(Name,Description)&style=simple/view-dhtml.xsl",
        "downloadUrl": "http://cartweb.geography.ua.edu/lizardtech/iserv/getimage?cat=Special+Topics&item=World+War+I%2FWorldWar11917j.sid&lev=0&wid=5000&hei=4000",
        "md5": "8d2a0510b5e9a444b8f7f5362c872397",
        "phash": "be669338c6b1e30c",
        "resolution": [
            4880,
            3768
        ],
        "fileSize": 2401359,
        "languages": [
            "eng"
        ],
        "tags": [],
        "abstract": null,
        "rights": "unknown",
        "source": {
            "name": "Alabama Maps",
            "url": "http://alabamamaps.ua.edu/historicalmaps/worldwarI/index.html",
            "accessDate": "2023-03-12T17:13:24.512249+00:00"
        }
    },
    {
        "uuid": "6fc379b5-f848-5c75-b5c7-20bac162e2b2",
        "authors": [
            "U.S. Army War College"
        ],
        "displayName": "G5-Wytschaete Defenses",
        "publishDate": {
            "year": 1917
        },
        "viewUrl": "http://cartweb.geography.ua.edu/lizardtech/iserv/calcrgn?cat=Special%20Topics&item=World%20War%20I/WorldWar11917f.sid&wid=500&hei=400&props=item(Name,Description),cat(Name,Description)&style=simple/view-dhtml.xsl",
        "downloadUrl": "http://cartweb.geography.ua.edu/lizardtech/iserv/getimage?cat=Special+Topics&item=World+War+I%2FWorldWar11917f.sid&lev=0&wid=5000&hei=4000",
        "md5": "96d9880fe9425f1354be2a4e144c7fef",
        "phash": "b872d2cccce4a5a3",
        "resolution": [
            2581,
            3283
        ],
        "fileSize": 1304124,
        "languages": [
            "deu"
        ],
        "tags": [],
        "abstract": null,
        "rights": "unknown",
        "source": {
            "name": "Alabama Maps",
            "url": "http://alabamamaps.ua.edu/historicalmaps/worldwarI/index.html",
            "accessDate": "2023-03-12T17:13:24.512249+00:00"
        }
    },
    {
        "uuid": "b71706d2-7fe8-59b1-9f60-d853b8b582ad",
        "authors": null,
        "displayName": "Western Russia, Poland and the Russo-German Frontier",
        "publishDate": {
            "year": 1917
        },
        "viewUrl": "http://cartweb.geography.ua.edu/lizardtech/iserv/calcrgn?cat=Special%20Topics&item=World%20War%20I/Europe1917aa.sid&wid=500&hei=400&props=item(Name,Description),cat(Name,Description)&style=simple/view-dhtml.xsl",
        "downloadUrl": "http://cartweb.geography.ua.edu/lizardtech/iserv/getimage?cat=Special+Topics&item=World+War+I%2FEurope1917aa.sid&lev=0&wid=5000&hei=4000",
        "md5": "931b51e8703358298e48842c82367d2f",
        "phash": "eee4c492991a932f",
        "resolution": [
            3450,
            4708
        ],
        "fileSize": 4421755,
        "languages": [
            "eng"
        ],
        "tags": [],
        "abstract": null,
        "rights": "unknown",
        "source": {
            "name": "Alabama Maps",
            "url": "http://alabamamaps.ua.edu/historicalmaps/worldwarI/index.html",
            "accessDate": "2023-03-12T17:13:24.511249+00:00"
        }
    },
    {
        "uuid": "cd70f71f-54cc-52ba-aa2a-737fd27b470f",
        "authors": [
            "U.S. Army War College"
        ],
        "displayName": "Cross Country Tracks, IXth Corps Area",
        "publishDate": {
            "year": 1917
        },
        "viewUrl": "http://cartweb.geography.ua.edu/lizardtech/iserv/calcrgn?cat=Special%20Topics&item=World%20War%20I/WorldWar11917b.sid&wid=500&hei=400&props=item(Name,Description),cat(Name,Description)&style=simple/view-dhtml.xsl",
        "downloadUrl": "http://cartweb.geography.ua.edu/lizardtech/iserv/getimage?cat=Special+Topics&item=World+War+I%2FWorldWar11917b.sid&lev=0&wid=5000&hei=4000",
        "md5": "b6e2b6943db4e3a49c61138071f13da4",
        "phash": "fe60d8ca8d53b618",
        "resolution": [
            3905,
            2573
        ],
        "fileSize": 1178753,
        "languages": [
            "eng"
        ],
        "tags": [],
        "abstract": null,
        "rights": "unknown",
        "source": {
            "name": "Alabama Maps",
            "url": "http://alabamamaps.ua.edu/historicalmaps/worldwarI/index.html",
            "accessDate": "2023-03-12T17:13:24.511249+00:00"
        }
    },
    {
        "uuid": "891b7476-acad-5406-9166-d3876b259031",
        "authors": null,
        "displayName": "Balkan States",
        "publishDate": {
            "year": 1917
        },
        "viewUrl": "http://cartweb.geography.ua.edu/lizardtech/iserv/calcrgn?cat=Special%20Topics&item=World%20War%20I/Europe1917z.sid&wid=500&hei=400&props=item(Name,Description),cat(Name,Description)&style=simple/view-dhtml.xsl",
        "downloadUrl": "http://cartweb.geography.ua.edu/lizardtech/iserv/getimage?cat=Special+Topics&item=World+War+I%2FEurope1917z.sid&lev=0&wid=5000&hei=4000",
        "md5": "df87b94f4f8fdcedca8e35cbfb5e1e33",
        "phash": "fb5890b185e5a566",
        "resolution": [
            3443,
            4684
        ],
        "fileSize": 4029366,
        "languages": [
            "ind"
        ],
        "tags": [],
        "abstract": null,
        "rights": "unknown",
        "source": {
            "name": "Alabama Maps",
            "url": "http://alabamamaps.ua.edu/historicalmaps/worldwarI/index.html",
            "accessDate": "2023-03-12T17:13:24.511249+00:00"
        }
    },
    {
        "uuid": "ffc35dd7-e42b-5b8c-8b21-4773f1d9001b",
        "authors": null,
        "displayName": "Highlands of Northern France",
        "publishDate": {
            "year": 1917
        },
        "viewUrl": "http://cartweb.geography.ua.edu/lizardtech/iserv/calcrgn?cat=Special%20Topics&item=World%20War%20I/Europe1917w.sid&wid=500&hei=400&props=item(Name,Description),cat(Name,Description)&style=simple/view-dhtml.xsl",
        "downloadUrl": "http://cartweb.geography.ua.edu/lizardtech/iserv/getimage?cat=Special+Topics&item=World+War+I%2FEurope1917w.sid&lev=0&wid=5000&hei=4000",
        "md5": "195cb3ab23aa180f4128cbc80b66a432",
        "phash": "ef2e8459dc1cc583",
        "resolution": [
            4678,
            3099
        ],
        "fileSize": 4082022,
        "languages": [
            "eng"
        ],
        "tags": [],
        "abstract": null,
        "rights": "unknown",
        "source": {
            "name": "Alabama Maps",
            "url": "http://alabamamaps.ua.edu/historicalmaps/worldwarI/index.html",
            "accessDate": "2023-03-12T17:13:24.510250+00:00"
        }
    },
    {
        "uuid": "0244c62b-231a-52be-918a-5667b1ace6cb",
        "authors": null,
        "displayName": "Dalmatia and Austro-Italian Frontier",
        "publishDate": {
            "year": 1917
        },
        "viewUrl": "http://cartweb.geography.ua.edu/lizardtech/iserv/calcrgn?cat=Special%20Topics&item=World%20War%20I/Europe1917y.sid&wid=500&hei=400&props=item(Name,Description),cat(Name,Description)&style=simple/view-dhtml.xsl",
        "downloadUrl": "http://cartweb.geography.ua.edu/lizardtech/iserv/getimage?cat=Special+Topics&item=World+War+I%2FEurope1917y.sid&lev=0&wid=5000&hei=4000",
        "md5": "961081e5b7252ab4194a8cee32aeb15a",
        "phash": "af6bf096d105b4d0",
        "resolution": [
            4697,
            3496
        ],
        "fileSize": 4180072,
        "languages": [
            "eng"
        ],
        "tags": [],
        "abstract": null,
        "rights": "unknown",
        "source": {
            "name": "Alabama Maps",
            "url": "http://alabamamaps.ua.edu/historicalmaps/worldwarI/index.html",
            "accessDate": "2023-03-12T17:13:24.510250+00:00"
        }
    },
    {
        "uuid": "e5bdf788-eee3-5113-bbe2-55d41ab8a45b",
        "authors": null,
        "displayName": "Belgium and Franco-German Frontier",
        "publishDate": {
            "year": 1917
        },
        "viewUrl": "http://cartweb.geography.ua.edu/lizardtech/iserv/calcrgn?cat=Special%20Topics&item=World%20War%20I/Europe1917u.sid&wid=500&hei=400&props=item(Name,Description),cat(Name,Description)&style=simple/view-dhtml.xsl",
        "downloadUrl": "http://cartweb.geography.ua.edu/lizardtech/iserv/getimage?cat=Special+Topics&item=World+War+I%2FEurope1917u.sid&lev=0&wid=5000&hei=4000",
        "md5": "bafc8b1e150b4ec3b66c66fb502d6e58",
        "phash": "be21e105c2da9bda",
        "resolution": [
            4673,
            3490
        ],
        "fileSize": 4008675,
        "languages": [
            "nld"
        ],
        "tags": [],
        "abstract": null,
        "rights": "unknown",
        "source": {
            "name": "Alabama Maps",
            "url": "http://alabamamaps.ua.edu/historicalmaps/worldwarI/index.html",
            "accessDate": "2023-03-12T17:13:24.510250+00:00"
        }
    },
    {
        "uuid": "18063b37-e0ad-51c9-a928-1949ca73debb",
        "authors": null,
        "displayName": "Lowlands of Northern France and Belgium",
        "publishDate": {
            "year": 1917
        },
        "viewUrl": "http://cartweb.geography.ua.edu/lizardtech/iserv/calcrgn?cat=Special%20Topics&item=World%20War%20I/Europe1917v.sid&wid=500&hei=400&props=item(Name,Description),cat(Name,Description)&style=simple/view-dhtml.xsl",
        "downloadUrl": "http://cartweb.geography.ua.edu/lizardtech/iserv/getimage?cat=Special+Topics&item=World+War+I%2FEurope1917v.sid&lev=0&wid=5000&hei=4000",
        "md5": "bbd325e2b75a5257f30891ad115c00c2",
        "phash": "ea8799f4b060e4ad",
        "resolution": [
            4658,
            3462
        ],
        "fileSize": 3587405,
        "languages": [
            "eng"
        ],
        "tags": [],
        "abstract": null,
        "rights": "unknown",
        "source": {
            "name": "Alabama Maps",
            "url": "http://alabamamaps.ua.edu/historicalmaps/worldwarI/index.html",
            "accessDate": "2023-03-12T17:13:24.510250+00:00"
        }
    },
    {
        "uuid": "707e66f1-d0cc-57ad-89ba-0fa97c3d578e",
        "authors": null,
        "displayName": "Asia Minor",
        "publishDate": {
            "year": 1917
        },
        "viewUrl": "http://cartweb.geography.ua.edu/lizardtech/iserv/calcrgn?cat=Asia&item=/Asia1917k.sid&wid=500&hei=400&props=item(Name,Description),cat(Name,Description)&style=simple/view-dhtml.xsl",
        "downloadUrl": "http://cartweb.geography.ua.edu/lizardtech/iserv/getimage?cat=Asia&item=Asia1917k.sid&lev=0&wid=5000&hei=4000",
        "md5": "a5772bce631fcff0658270207d38c663",
        "phash": "d20cd3e895d2add4",
        "resolution": [
            4480,
            3297
        ],
        "fileSize": 3869055,
        "languages": [
            "por"
        ],
        "tags": [],
        "abstract": null,
        "rights": "unknown",
        "source": {
            "name": "Alabama Maps",
            "url": "http://alabamamaps.ua.edu/historicalmaps/worldwarI/index.html",
            "accessDate": "2023-03-12T17:13:24.509249+00:00"
        }
    },
    {
        "uuid": "1ebdeeee-53d1-5951-ac42-b792ce41c5fc",
        "authors": [
            "Bartholomew, Joh"
        ],
        "displayName": "Bartholomew's General War Map of Europe and the Mediterranean",
        "publishDate": {
            "year": 1915
        },
        "viewUrl": "http://cartweb.geography.ua.edu/lizardtech/iserv/calcrgn?cat=Special%20Topics&item=World%20War%20I/WorldWar11915f.sid&wid=500&hei=400&props=item(Name,Description),cat(Name,Description)&style=simple/view-dhtml.xsl",
        "downloadUrl": "http://cartweb.geography.ua.edu/lizardtech/iserv/getimage?cat=Special+Topics&item=World+War+I%2FWorldWar11915f.sid&lev=0&wid=5000&hei=4000",
        "md5": "1f0677dbb8797f5d3131d5ac97531704",
        "phash": "af1e8d62f1d066c1",
        "resolution": [
            5612,
            4348
        ],
        "fileSize": 3930667,
        "languages": [
            "eng"
        ],
        "tags": [],
        "abstract": null,
        "rights": "unknown",
        "source": {
            "name": "Alabama Maps",
            "url": "http://alabamamaps.ua.edu/historicalmaps/worldwarI/index.html",
            "accessDate": "2023-03-12T17:13:24.508249+00:00"
        }
    },
    {
        "uuid": "aa6b5c95-1a96-597d-bda6-c7fc6297a15b",
        "authors": [
            "Ourand, Charles H."
        ],
        "displayName": "The Battlefield of Antietam, (September 17, 1862, 5:30 P.M.)",
        "publishDate": {
            "year": 1904
        },
        "viewUrl": "http://cartweb.geography.ua.edu/lizardtech/iserv/calcrgn?cat=Special%20Topics&item=Civil%20War/CivilWarAntietam_530pmN.sid&wid=500&hei=400&props=item(Name,Description),cat(Name,Description)&style=simple/view-dhtml.xsl",
        "downloadUrl": "http://cartweb.geography.ua.edu/lizardtech/iserv/getimage?cat=Special+Topics&item=Civil+War%2FCivilWarAntietam_530pmN.sid&lev=0&wid=5000&hei=4000",
        "md5": "58a8f79ed52dd8ff53f3e56b2962747e",
        "phash": "b08dd2e64dfb1831",
        "resolution": [
            3795,
            4662
        ],
        "fileSize": 4746439,
        "languages": [
            "eng"
        ],
        "tags": [],
        "abstract": null,
        "rights": "unknown",
        "source": {
            "name": "Alabama Maps",
            "url": "http://alabamamaps.ua.edu/historicalmaps/civilwar/antietam.html",
            "accessDate": "2023-03-12T17:17:48.604503+00:00"
        }
    },
    {
        "uuid": "1b25c864-27a3-591e-b4a5-8a703719c1d3",
        "authors": [
            "Ourand, Charles H."
        ],
        "displayName": "The Battlefield of Antietam, (September 17, 1862, 4:20 P.M.)",
        "publishDate": {
            "year": 1904
        },
        "viewUrl": "http://cartweb.geography.ua.edu/lizardtech/iserv/calcrgn?cat=Special%20Topics&item=Civil%20War/CivilWarAntietam_420pmM.sid&wid=500&hei=400&props=item(Name,Description),cat(Name,Description)&style=simple/view-dhtml.xsl",
        "downloadUrl": "http://cartweb.geography.ua.edu/lizardtech/iserv/getimage?cat=Special+Topics&item=Civil+War%2FCivilWarAntietam_420pmM.sid&lev=0&wid=5000&hei=4000",
        "md5": "0f1ef13cf769fe66661fa4f39ce0bba3",
        "phash": "b08dd2e64df91931",
        "resolution": [
            3798,
            4672
        ],
        "fileSize": 4747508,
        "languages": [
            "eng"
        ],
        "tags": [],
        "abstract": null,
        "rights": "unknown",
        "source": {
            "name": "Alabama Maps",
            "url": "http://alabamamaps.ua.edu/historicalmaps/civilwar/antietam.html",
            "accessDate": "2023-03-12T17:17:48.604503+00:00"
        }
    },
    {
        "uuid": "6e3baee1-2f57-56f9-92d6-ccabb6248a8f",
        "authors": [
            "Ourand, Charles H."
        ],
        "displayName": "The Battlefield of Antietam, (September 17, 1862, 3:30 P.M.)",
        "publishDate": {
            "year": 1904
        },
        "viewUrl": "http://cartweb.geography.ua.edu/lizardtech/iserv/calcrgn?cat=Special%20Topics&item=Civil%20War/CivilWarAntietam_330pmL.sid&wid=500&hei=400&props=item(Name,Description),cat(Name,Description)&style=simple/view-dhtml.xsl",
        "downloadUrl": "http://cartweb.geography.ua.edu/lizardtech/iserv/getimage?cat=Special+Topics&item=Civil+War%2FCivilWarAntietam_330pmL.sid&lev=0&wid=5000&hei=4000",
        "md5": "ad07e39cf2181bb5a14692fa5482f007",
        "phash": "b08dd2e64dfb1831",
        "resolution": [
            3780,
            4668
        ],
        "fileSize": 4715004,
        "languages": [
            "eng"
        ],
        "tags": [],
        "abstract": null,
        "rights": "unknown",
        "source": {
            "name": "Alabama Maps",
            "url": "http://alabamamaps.ua.edu/historicalmaps/civilwar/antietam.html",
            "accessDate": "2023-03-12T17:17:48.604503+00:00"
        }
    },
    {
        "uuid": "b1cd4c1f-d1e6-55f0-8c2f-d3bb801015b2",
        "authors": [
            "Ourand, Charles H."
        ],
        "displayName": "The Battlefield of Antietam, (September 17, 1862, 1:00 P.M.)",
        "publishDate": {
            "year": 1904
        },
        "viewUrl": "http://cartweb.geography.ua.edu/lizardtech/iserv/calcrgn?cat=Special%20Topics&item=Civil%20War/CivilWarAntietam_1pmk.sid&wid=500&hei=400&props=item(Name,Description),cat(Name,Description)&style=simple/view-dhtml.xsl",
        "downloadUrl": "http://cartweb.geography.ua.edu/lizardtech/iserv/getimage?cat=Special+Topics&item=Civil+War%2FCivilWarAntietam_1pmk.sid&lev=0&wid=5000&hei=4000",
        "md5": "cde11aa607094d36eb985e8c73e978ef",
        "phash": "b48dd2e649db1931",
        "resolution": [
            3791,
            4647
        ],
        "fileSize": 4763914,
        "languages": [
            "eng"
        ],
        "tags": [],
        "abstract": null,
        "rights": "unknown",
        "source": {
            "name": "Alabama Maps",
            "url": "http://alabamamaps.ua.edu/historicalmaps/civilwar/antietam.html",
            "accessDate": "2023-03-12T17:17:48.603503+00:00"
        }
    },
    {
        "uuid": "1ec4e85d-64ab-5c11-a298-3b1294e699ec",
        "authors": [
            "Ourand, Charles H."
        ],
        "displayName": "The Battlefield of Antietam, (September 17, 1862, 12:15 P.M.)",
        "publishDate": {
            "year": 1904
        },
        "viewUrl": "http://cartweb.geography.ua.edu/lizardtech/iserv/calcrgn?cat=Special%20Topics&item=Civil%20War/CivilWarAntietam_1215pmj.sid&wid=500&hei=400&props=item(Name,Description),cat(Name,Description)&style=simple/view-dhtml.xsl",
        "downloadUrl": "http://cartweb.geography.ua.edu/lizardtech/iserv/getimage?cat=Special+Topics&item=Civil+War%2FCivilWarAntietam_1215pmj.sid&lev=0&wid=5000&hei=4000",
        "md5": "3899e8c8423c0ce74b5e1e476e315c12",
        "phash": "b48dd2e649fb5821",
        "resolution": [
            3772,
            4657
        ],
        "fileSize": 4497049,
        "languages": [
            "eng"
        ],
        "tags": [],
        "abstract": null,
        "rights": "unknown",
        "source": {
            "name": "Alabama Maps",
            "url": "http://alabamamaps.ua.edu/historicalmaps/civilwar/antietam.html",
            "accessDate": "2023-03-12T17:17:48.603503+00:00"
        }
    },
    {
        "uuid": "c516cee9-ffa1-5584-8520-729a3b79afda",
        "authors": [
            "Ourand, Charles H."
        ],
        "displayName": "The Battlefield of Antietam, (September 17, 1862, 10:30 A.M.)",
        "publishDate": {
            "year": 1904
        },
        "viewUrl": "http://cartweb.geography.ua.edu/lizardtech/iserv/calcrgn?cat=Special%20Topics&item=Civil%20War/CivilWarAntietam_1030ami.sid&wid=500&hei=400&props=item(Name,Description),cat(Name,Description)&style=simple/view-dhtml.xsl",
        "downloadUrl": "http://cartweb.geography.ua.edu/lizardtech/iserv/getimage?cat=Special+Topics&item=Civil+War%2FCivilWarAntietam_1030ami.sid&lev=0&wid=5000&hei=4000",
        "md5": "9c92765dde04ba66d2284a03904458a5",
        "phash": "b0cdd2e6497b1931",
        "resolution": [
            3787,
            4677
        ],
        "fileSize": 4701932,
        "languages": [
            "eng"
        ],
        "tags": [],
        "abstract": null,
        "rights": "unknown",
        "source": {
            "name": "Alabama Maps",
            "url": "http://alabamamaps.ua.edu/historicalmaps/civilwar/antietam.html",
            "accessDate": "2023-03-12T17:17:48.603503+00:00"
        }
    },
    {
        "uuid": "3fa16509-e6f7-58a3-a30c-8ac134b896bd",
        "authors": [
            "Ourand, Charles H."
        ],
        "displayName": "The Battlefield of Antietam, (September 17, 1862, 8:30 A.M.)",
        "publishDate": {
            "year": 1904
        },
        "viewUrl": "http://cartweb.geography.ua.edu/lizardtech/iserv/calcrgn?cat=Special%20Topics&item=Civil%20War/CivilWarAntietam_830amg.sid&wid=500&hei=400&props=item(Name,Description),cat(Name,Description)&style=simple/view-dhtml.xsl",
        "downloadUrl": "http://cartweb.geography.ua.edu/lizardtech/iserv/getimage?cat=Special+Topics&item=Civil+War%2FCivilWarAntietam_830amg.sid&lev=0&wid=5000&hei=4000",
        "md5": "b6783f99e75a5692534ac8df0e9e4f6b",
        "phash": "b0cdd2e6497b5831",
        "resolution": [
            3800,
            4668
        ],
        "fileSize": 4853289,
        "languages": [
            "eng"
        ],
        "tags": [],
        "abstract": null,
        "rights": "unknown",
        "source": {
            "name": "Alabama Maps",
            "url": "http://alabamamaps.ua.edu/historicalmaps/civilwar/antietam.html",
            "accessDate": "2023-03-12T17:17:48.602506+00:00"
        }
    },
    {
        "uuid": "33beeca3-ab02-5c33-8205-8b985493e36f",
        "authors": [
            "Ourand, Charles H."
        ],
        "displayName": "The Battlefield of Antietam, (September 17, 1862, 9:00 A.M.)",
        "publishDate": {
            "year": 1904
        },
        "viewUrl": "http://cartweb.geography.ua.edu/lizardtech/iserv/calcrgn?cat=Special%20Topics&item=Civil%20War/CivilWarAntietam_9amh.sid&wid=500&hei=400&props=item(Name,Description),cat(Name,Description)&style=simple/view-dhtml.xsl",
        "downloadUrl": "http://cartweb.geography.ua.edu/lizardtech/iserv/getimage?cat=Special+Topics&item=Civil+War%2FCivilWarAntietam_9amh.sid&lev=0&wid=5000&hei=4000",
        "md5": "63048bf06abf7dfaf7c19cd47197819a",
        "phash": "b0cdd2e6497b58a1",
        "resolution": [
            3785,
            4661
        ],
        "fileSize": 4689657,
        "languages": [
            "eng"
        ],
        "tags": [],
        "abstract": null,
        "rights": "unknown",
        "source": {
            "name": "Alabama Maps",
            "url": "http://alabamamaps.ua.edu/historicalmaps/civilwar/antietam.html",
            "accessDate": "2023-03-12T17:17:48.603503+00:00"
        }
    },
    {
        "uuid": "361050ce-c1a3-5e71-a241-e47f06d36589",
        "authors": [
            "Ourand, Charles H."
        ],
        "displayName": "The Battlefield of Antietam, (September 17, 1862, 7:30 A.M.)",
        "publishDate": {
            "year": 1904
        },
        "viewUrl": "http://cartweb.geography.ua.edu/lizardtech/iserv/calcrgn?cat=Special%20Topics&item=Civil%20War/CivilWarAntietam_730ame.sid&wid=500&hei=400&props=item(Name,Description),cat(Name,Description)&style=simple/view-dhtml.xsl",
        "downloadUrl": "http://cartweb.geography.ua.edu/lizardtech/iserv/getimage?cat=Special+Topics&item=Civil+War%2FCivilWarAntietam_730ame.sid&lev=0&wid=5000&hei=4000",
        "md5": "6cd56652832007313838c7066a46ae96",
        "phash": "b0cf52e6495b5835",
        "resolution": [
            3786,
            4689
        ],
        "fileSize": 4596961,
        "languages": [
            "eng"
        ],
        "tags": [],
        "abstract": null,
        "rights": "unknown",
        "source": {
            "name": "Alabama Maps",
            "url": "http://alabamamaps.ua.edu/historicalmaps/civilwar/antietam.html",
            "accessDate": "2023-03-12T17:17:48.602506+00:00"
        }
    },
    {
        "uuid": "3f3b6621-43c2-5fa0-a652-6d3633169bdc",
        "authors": [
            "Ourand, Charles H."
        ],
        "displayName": "The Battlefield of Antietam, (September 17, 1862, 8:00 A.M.)",
        "publishDate": {
            "year": 1904
        },
        "viewUrl": "http://cartweb.geography.ua.edu/lizardtech/iserv/calcrgn?cat=Special%20Topics&item=Civil%20War/CivilWarAntietam_7amf.sid&wid=500&hei=400&props=item(Name,Description),cat(Name,Description)&style=simple/view-dhtml.xsl",
        "downloadUrl": "http://cartweb.geography.ua.edu/lizardtech/iserv/getimage?cat=Special+Topics&item=Civil+War%2FCivilWarAntietam_7amf.sid&lev=0&wid=5000&hei=4000",
        "md5": "364306a1793bc9487ea0fa20cdc2d3dd",
        "phash": "b0cdd2e6497b1835",
        "resolution": [
            3808,
            4677
        ],
        "fileSize": 4686940,
        "languages": [
            "eng"
        ],
        "tags": [],
        "abstract": null,
        "rights": "unknown",
        "source": {
            "name": "Alabama Maps",
            "url": "http://alabamamaps.ua.edu/historicalmaps/civilwar/antietam.html",
            "accessDate": "2023-03-12T17:17:48.602506+00:00"
        }
    },
    {
        "uuid": "588d8742-de37-513a-8614-a5157279b2ba",
        "authors": [
            "Ourand, Charles H."
        ],
        "displayName": "The Battlefield of Antietam (September 17, 1862, Daybreak)",
        "publishDate": {
            "year": 1904
        },
        "viewUrl": "http://cartweb.geography.ua.edu/lizardtech/iserv/calcrgn?cat=Special%20Topics&item=Civil%20War/CivilWarAntietam_daybreaka.sid&wid=500&hei=400&props=item(Name,Description),cat(Name,Description)&style=simple/view-dhtml.xsl",
        "downloadUrl": "http://cartweb.geography.ua.edu/lizardtech/iserv/getimage?cat=Special+Topics&item=Civil+War%2FCivilWarAntietam_daybreaka.sid&lev=0&wid=5000&hei=4000",
        "md5": "fd2bac780ade4df506bc9b02b36d8625",
        "phash": "b0cd52e649cb59b1",
        "resolution": [
            3783,
            4673
        ],
        "fileSize": 4927098,
        "languages": [
            "eng"
        ],
        "tags": [],
        "abstract": null,
        "rights": "unknown",
        "source": {
            "name": "Alabama Maps",
            "url": "http://alabamamaps.ua.edu/historicalmaps/civilwar/antietam.html",
            "accessDate": "2023-03-12T17:17:48.601606+00:00"
        }
    },
    {
        "uuid": "ce866d46-e73c-54ee-a811-eb03cfcf57a5",
        "authors": [
            "Ourand, Charles H."
        ],
        "displayName": "The Battlefield of Antietam (September 17, 1862, 6:00 A.M.)",
        "publishDate": {
            "year": 1904
        },
        "viewUrl": "http://cartweb.geography.ua.edu/lizardtech/iserv/calcrgn?cat=Special%20Topics&item=Civil%20War/CivilWarAntietam_6amb.sid&wid=500&hei=400&props=item(Name,Description),cat(Name,Description)&style=simple/view-dhtml.xsl",
        "downloadUrl": "http://cartweb.geography.ua.edu/lizardtech/iserv/getimage?cat=Special+Topics&item=Civil+War%2FCivilWarAntietam_6amb.sid&lev=0&wid=5000&hei=4000",
        "md5": "6ce95e6b081dab4b81abece06dc0ce8a",
        "phash": "b0cfd2e649cb1835",
        "resolution": [
            3775,
            4654
        ],
        "fileSize": 5003317,
        "languages": [
            "eng"
        ],
        "tags": [],
        "abstract": null,
        "rights": "unknown",
        "source": {
            "name": "Alabama Maps",
            "url": "http://alabamamaps.ua.edu/historicalmaps/civilwar/antietam.html",
            "accessDate": "2023-03-12T17:17:48.601606+00:00"
        }
    },
    {
        "uuid": "6bba31e0-4596-59fd-a144-d62f986a1b12",
        "authors": [
            "Ourand, Charles H."
        ],
        "displayName": "The Battlefield of Antietam, (September 17, 1862, 7:20 A.M.)",
        "publishDate": {
            "year": 1904
        },
        "viewUrl": "http://cartweb.geography.ua.edu/lizardtech/iserv/calcrgn?cat=Special%20Topics&item=Civil%20War/CivilWarAntietam_720amd.sid&wid=500&hei=400&props=item(Name,Description),cat(Name,Description)&style=simple/view-dhtml.xsl",
        "downloadUrl": "http://cartweb.geography.ua.edu/lizardtech/iserv/getimage?cat=Special+Topics&item=Civil+War%2FCivilWarAntietam_720amd.sid&lev=0&wid=5000&hei=4000",
        "md5": "2104e7c6a1ba5edf5fd6841e69b7fc4a",
        "phash": "b0cfd2e649db1831",
        "resolution": [
            3777,
            4670
        ],
        "fileSize": 4938940,
        "languages": [
            "eng"
        ],
        "tags": [],
        "abstract": null,
        "rights": "unknown",
        "source": {
            "name": "Alabama Maps",
            "url": "http://alabamamaps.ua.edu/historicalmaps/civilwar/antietam.html",
            "accessDate": "2023-03-12T17:17:48.601606+00:00"
        }
    },
    {
        "uuid": "2792f739-9094-5c8e-96a8-a30ddfb2f3ba",
        "authors": [
            "Sholl, Charles"
        ],
        "displayName": "Antietam Sharpsburg and Vicinity",
        "publishDate": {
            "year": 1877
        },
        "viewUrl": "http://cartweb.geography.ua.edu/lizardtech/iserv/calcrgn?cat=Special%20Topics&item=Civil%20War/CivilWarAntietam1877a.sid&wid=500&hei=400&props=item(Name,Description),cat(Name,Description)&style=simple/view-dhtml.xsl",
        "downloadUrl": "http://cartweb.geography.ua.edu/lizardtech/iserv/getimage?cat=Special+Topics&item=Civil+War%2FCivilWarAntietam1877a.sid&lev=0&wid=5000&hei=4000",
        "md5": "8758f09ece9c01414c754c42811f44e4",
        "phash": "ef1b96b0c0e891e3",
        "resolution": [
            2981,
            3689
        ],
        "fileSize": 1347744,
        "languages": [
            "eng"
        ],
        "tags": [],
        "abstract": null,
        "rights": "unknown",
        "source": {
            "name": "Alabama Maps",
            "url": "http://alabamamaps.ua.edu/historicalmaps/civilwar/antietam.html",
            "accessDate": "2023-03-12T17:17:48.600512+00:00"
        }
    },
    {
        "uuid": "3020d096-2853-51ad-addd-9b658b790ede",
        "authors": null,
        "displayName": "Map of the Battlefield of Antietam; Position of Union and Confederate Forces on the Morning of September 17th, 1862",
        "publishDate": {
            "year": 1893
        },
        "viewUrl": "http://cartweb.geography.ua.edu/lizardtech/iserv/calcrgn?cat=Special%20Topics&item=Civil%20War/CivilWar1893a.sid&wid=500&hei=400&props=item(Name,Description),cat(Name,Description)&style=simple/view-dhtml.xsl",
        "downloadUrl": "http://cartweb.geography.ua.edu/lizardtech/iserv/getimage?cat=Special+Topics&item=Civil+War%2FCivilWar1893a.sid&lev=0&wid=5000&hei=4000",
        "md5": "f518b33d4bef714d900f7d4b440fa43a",
        "phash": "e60f92d6c9896672",
        "resolution": [
            4350,
            4782
        ],
        "fileSize": 2884318,
        "languages": [
            "eng"
        ],
        "tags": [],
        "abstract": null,
        "rights": "unknown",
        "source": {
            "name": "Alabama Maps",
            "url": "http://alabamamaps.ua.edu/historicalmaps/civilwar/antietam.html",
            "accessDate": "2023-03-12T17:17:48.601606+00:00"
        }
    },
    {
        "uuid": "8af84303-9629-5bb6-81bd-d0cd87af4a1c",
        "authors": [
            "Betts, Edward E., C.E., Park Engineer"
        ],
        "displayName": "Map of the Battlefields of Chattanooga: Battle of Lookout Mountain and Sherman's Crossing of Tennessee, September 23-24, 1863",
        "publishDate": {
            "year": 1901
        },
        "viewUrl": "http://cartweb.geography.ua.edu/lizardtech/iserv/calcrgn?cat=Special%20Topics&item=Civil%20War/CivilWarChattanooga1896d.sid&wid=500&hei=400&props=item(Name,Description),cat(Name,Description)&style=simple/view-dhtml.xsl",
        "downloadUrl": "http://cartweb.geography.ua.edu/lizardtech/iserv/getimage?cat=Special+Topics&item=Civil+War%2FCivilWarChattanooga1896d.sid&lev=0&wid=5000&hei=4000",
        "md5": "8d51a882fd3c718832ccb5850c9d38e3",
        "phash": "950fdc90435b7ccc",
        "resolution": [
            5219,
            3856
        ],
        "fileSize": 5770900,
        "languages": [
            "eng"
        ],
        "tags": [],
        "abstract": null,
        "rights": "unknown",
        "source": {
            "name": "Alabama Maps",
            "url": "http://alabamamaps.ua.edu/historicalmaps/civilwar/chattanooga.html",
            "accessDate": "2023-03-12T17:18:03.830958+00:00"
        }
    },
    {
        "uuid": "38749b4c-ace2-516b-9b70-71ca6aff757d",
        "authors": [
            "Betts, Edwards",
            "Park, C.E."
        ],
        "displayName": "Plate 8: Noon to Night, September 20, 1863. Map of the Battlefield of Chickamauga",
        "publishDate": {
            "year": 1896
        },
        "viewUrl": "http://cartweb.geography.ua.edu/lizardtech/iserv/calcrgn?cat=Special%20Topics&item=Civil%20War/CivilWarChickamauga1896h.sid&wid=500&hei=400&props=item(Name,Description),cat(Name,Description)&style=simple/view-dhtml.xsl",
        "downloadUrl": "http://cartweb.geography.ua.edu/lizardtech/iserv/getimage?cat=Special+Topics&item=Civil+War%2FCivilWarChickamauga1896h.sid&lev=0&wid=5000&hei=4000",
        "md5": "b683e0d7853c64a5cf02eacbcc0460c7",
        "phash": "ac499ae60c3835fe",
        "resolution": [
            3884,
            4928
        ],
        "fileSize": 5315352,
        "languages": [
            "eng"
        ],
        "tags": [],
        "abstract": null,
        "rights": "unknown",
        "source": {
            "name": "Alabama Maps",
            "url": "http://alabamamaps.ua.edu/historicalmaps/civilwar/chickamauga.html",
            "accessDate": "2023-03-12T17:18:07.589917+00:00"
        }
    },
    {
        "uuid": "57ad526e-5485-5153-980c-586f0b3c7906",
        "authors": [
            "Betts, Edwards",
            "Park, C.E."
        ],
        "displayName": "Plate 7: 11:00 A.M. to Noon, September 20, 1863. Map of the Battlefield of Chickamauga",
        "publishDate": {
            "year": 1896
        },
        "viewUrl": "http://cartweb.geography.ua.edu/lizardtech/iserv/calcrgn?cat=Special%20Topics&item=Civil%20War/CivilWarChickamauga1896g.sid&wid=500&hei=400&props=item(Name,Description),cat(Name,Description)&style=simple/view-dhtml.xsl",
        "downloadUrl": "http://cartweb.geography.ua.edu/lizardtech/iserv/getimage?cat=Special+Topics&item=Civil+War%2FCivilWarChickamauga1896g.sid&lev=0&wid=5000&hei=4000",
        "md5": "ab03bdcdb93bcc5f2315fab2a17c8364",
        "phash": "ac4b9ee62c30c5b6",
        "resolution": [
            3881,
            4909
        ],
        "fileSize": 5619449,
        "languages": [
            "eng"
        ],
        "tags": [],
        "abstract": null,
        "rights": "unknown",
        "source": {
            "name": "Alabama Maps",
            "url": "http://alabamamaps.ua.edu/historicalmaps/civilwar/chickamauga.html",
            "accessDate": "2023-03-12T17:18:07.589917+00:00"
        }
    },
    {
        "uuid": "7c02088f-8a97-5244-8433-732ea008b5ce",
        "authors": [
            "Betts, Edward",
            "Park, C.E."
        ],
        "displayName": "Plate 6: Morning to 11:00 A.M., September 20, 1863",
        "publishDate": {
            "year": 1896
        },
        "viewUrl": "http://cartweb.geography.ua.edu/lizardtech/iserv/calcrgn?cat=Special%20Topics&item=Civil%20War/CivilWarChickamauga1896f.sid&wid=500&hei=400&props=item(Name,Description),cat(Name,Description)&style=simple/view-dhtml.xsl",
        "downloadUrl": "http://cartweb.geography.ua.edu/lizardtech/iserv/getimage?cat=Special+Topics&item=Civil+War%2FCivilWarChickamauga1896f.sid&lev=0&wid=5000&hei=4000",
        "md5": "f698ba04733cc00f78be5d0dac0a65d6",
        "phash": "b44bdee6283065ba",
        "resolution": [
            3872,
            4942
        ],
        "fileSize": 5250654,
        "languages": [
            "eng"
        ],
        "tags": [],
        "abstract": null,
        "rights": "unknown",
        "source": {
            "name": "Alabama Maps",
            "url": "http://alabamamaps.ua.edu/historicalmaps/civilwar/chickamauga.html",
            "accessDate": "2023-03-12T17:18:07.589027+00:00"
        }
    },
    {
        "uuid": "94290694-a558-511d-ab48-3bb33040f928",
        "authors": [
            "Betts, Edward",
            "Park, C.E."
        ],
        "displayName": "Plate 4: Noon to 3:30 P.M., September 19, 1863. Map of the Battlefield of Chickamauga.",
        "publishDate": {
            "year": 1896
        },
        "viewUrl": "http://cartweb.geography.ua.edu/lizardtech/iserv/calcrgn?cat=Special%20Topics&item=Civil%20War/CivilWarChickamauga1896d.sid&wid=500&hei=400&props=item(Name,Description),cat(Name,Description)&style=simple/view-dhtml.xsl",
        "downloadUrl": "http://cartweb.geography.ua.edu/lizardtech/iserv/getimage?cat=Special+Topics&item=Civil+War%2FCivilWarChickamauga1896d.sid&lev=0&wid=5000&hei=4000",
        "md5": "4aae9e15c3d520e181c359d7a6c310d8",
        "phash": "b4cbda662ab024fa",
        "resolution": [
            3850,
            4870
        ],
        "fileSize": 5245181,
        "languages": [
            "eng"
        ],
        "tags": [],
        "abstract": null,
        "rights": "unknown",
        "source": {
            "name": "Alabama Maps",
            "url": "http://alabamamaps.ua.edu/historicalmaps/civilwar/chickamauga.html",
            "accessDate": "2023-03-12T17:18:07.589027+00:00"
        }
    },
    {
        "uuid": "5d32299f-4038-5f37-ae73-dbaf406fa2cf",
        "authors": [
            "Betts, Edwards",
            "Park, C.E."
        ],
        "displayName": "Plate 2: Preliminary Movements, September 18, 1863 - Map of the Battlefield of Chickamauga",
        "publishDate": {
            "year": 1896
        },
        "viewUrl": "http://cartweb.geography.ua.edu/lizardtech/iserv/calcrgn?cat=Special%20Topics&item=Civil%20War/CivilWarChickamauga1896b.sid&wid=500&hei=400&props=item(Name,Description),cat(Name,Description)&style=simple/view-dhtml.xsl",
        "downloadUrl": "http://cartweb.geography.ua.edu/lizardtech/iserv/getimage?cat=Special+Topics&item=Civil+War%2FCivilWarChickamauga1896b.sid&lev=0&wid=5000&hei=4000",
        "md5": "dd632a74db4532426a160b24d4d2887b",
        "phash": "bcc9b3660c5435ba",
        "resolution": [
            3852,
            4855
        ],
        "fileSize": 4964741,
        "languages": [
            "eng"
        ],
        "tags": [],
        "abstract": null,
        "rights": "unknown",
        "source": {
            "name": "Alabama Maps",
            "url": "http://alabamamaps.ua.edu/historicalmaps/civilwar/chickamauga.html",
            "accessDate": "2023-03-12T17:18:07.588023+00:00"
        }
    },
    {
        "uuid": "8b0cdb6c-a85b-5b12-ab2e-e03936e49587",
        "authors": [
            "Betts, Edward",
            "C.E. Park"
        ],
        "displayName": "Plate 3: Morning to Noon, September 19, 1863. Map of the Battlefield of Chickamauga",
        "publishDate": {
            "year": 1896
        },
        "viewUrl": "http://cartweb.geography.ua.edu/lizardtech/iserv/calcrgn?cat=Special%20Topics&item=Civil%20War/CivilWarChickamauga1896c.sid&wid=500&hei=400&props=item(Name,Description),cat(Name,Description)&style=simple/view-dhtml.xsl",
        "downloadUrl": "http://cartweb.geography.ua.edu/lizardtech/iserv/getimage?cat=Special+Topics&item=Civil+War%2FCivilWarChickamauga1896c.sid&lev=0&wid=5000&hei=4000",
        "md5": "2f360dac6dfd9fb593179f8d3d498063",
        "phash": "b4499afe28f025ba",
        "resolution": [
            3850,
            4899
        ],
        "fileSize": 4871134,
        "languages": [
            "eng"
        ],
        "tags": [],
        "abstract": null,
        "rights": "unknown",
        "source": {
            "name": "Alabama Maps",
            "url": "http://alabamamaps.ua.edu/historicalmaps/civilwar/chickamauga.html",
            "accessDate": "2023-03-12T17:18:07.589027+00:00"
        }
    },
    {
        "uuid": "1d2dc925-edef-546d-b335-22f162c8121c",
        "authors": [
            "Betts, Edward",
            "Park, C.E."
        ],
        "displayName": "Plate 5: 3:30 P.M to Night, Spetember 19, 1863. Map of the Battlefield of Chickamauga.",
        "publishDate": {
            "year": 1896
        },
        "viewUrl": "http://cartweb.geography.ua.edu/lizardtech/iserv/calcrgn?cat=Special%20Topics&item=Civil%20War/CivilWarChickamauga1896e.sid&wid=500&hei=400&props=item(Name,Description),cat(Name,Description)&style=simple/view-dhtml.xsl",
        "downloadUrl": "http://cartweb.geography.ua.edu/lizardtech/iserv/getimage?cat=Special+Topics&item=Civil+War%2FCivilWarChickamauga1896e.sid&lev=0&wid=5000&hei=4000",
        "md5": "c37f7beb8f5799a7c0ca779a933e7f67",
        "phash": "b44b9ef620b405bb",
        "resolution": [
            3851,
            4879
        ],
        "fileSize": 4976556,
        "languages": [
            "eng"
        ],
        "tags": [],
        "abstract": null,
        "rights": "unknown",
        "source": {
            "name": "Alabama Maps",
            "url": "http://alabamamaps.ua.edu/historicalmaps/civilwar/chickamauga.html",
            "accessDate": "2023-03-12T17:18:07.589027+00:00"
        }
    },
    {
        "uuid": "8728a7b0-7e78-5c5b-9d4b-3f84cf49e008",
        "authors": [
            "McElroy, J.C."
        ],
        "displayName": "Chickamauga Battlefield",
        "publishDate": {
            "year": 1895
        },
        "viewUrl": "http://cartweb.geography.ua.edu/lizardtech/iserv/calcrgn?cat=Special%20Topics&item=Civil%20War/CivilWarChickamauga1895a.sid&wid=500&hei=400&props=item(Name,Description),cat(Name,Description)&style=simple/view-dhtml.xsl",
        "downloadUrl": "http://cartweb.geography.ua.edu/lizardtech/iserv/getimage?cat=Special+Topics&item=Civil+War%2FCivilWarChickamauga1895a.sid&lev=0&wid=5000&hei=4000",
        "md5": "a3cfed4a9b8f25817e0a827a90b4c621",
        "phash": "941a5a294cdc6bf6",
        "resolution": [
            5914,
            3855
        ],
        "fileSize": 4435952,
        "languages": [
            "eng"
        ],
        "tags": [],
        "abstract": null,
        "rights": "unknown",
        "source": {
            "name": "Alabama Maps",
            "url": "http://alabamamaps.ua.edu/historicalmaps/civilwar/chickamauga.html",
            "accessDate": "2023-03-12T17:18:07.588023+00:00"
        }
    },
    {
        "uuid": "84816965-2d15-501b-941a-02ea051a4808",
        "authors": [
            "Kellogg, S.C."
        ],
        "displayName": "Map of the Battlefield of Chickamauga, September 19th, and 20th, 1863",
        "publishDate": {
            "year": 1889
        },
        "viewUrl": "http://cartweb.geography.ua.edu/lizardtech/iserv/calcrgn?cat=Special%20Topics&item=Civil%20War/CivilWarChickamauga1889g.sid&wid=500&hei=400&props=item(Name,Description),cat(Name,Description)&style=simple/view-dhtml.xsl",
        "downloadUrl": "http://cartweb.geography.ua.edu/lizardtech/iserv/getimage?cat=Special+Topics&item=Civil+War%2FCivilWarChickamauga1889g.sid&lev=0&wid=5000&hei=4000",
        "md5": "fca901fd12b85ab10067333c96026a50",
        "phash": "b5926a37721d0379",
        "resolution": [
            5536,
            3388
        ],
        "fileSize": 5885899,
        "languages": [
            "eng"
        ],
        "tags": [],
        "abstract": null,
        "rights": "unknown",
        "source": {
            "name": "Alabama Maps",
            "url": "http://alabamamaps.ua.edu/historicalmaps/civilwar/chickamauga.html",
            "accessDate": "2023-03-12T17:18:07.588023+00:00"
        }
    },
    {
        "uuid": "9e3d6e0a-2618-536e-ae50-1c7b3f68bc7e",
        "authors": [
            "Kellogg, S.C."
        ],
        "displayName": "Map of the Battlefield of Chickamauga, September 19th, and 20th, 1863",
        "publishDate": {
            "year": 1889
        },
        "viewUrl": "http://cartweb.geography.ua.edu/lizardtech/iserv/calcrgn?cat=Special%20Topics&item=Civil%20War/CivilWarChickamauga1889h.sid&wid=500&hei=400&props=item(Name,Description),cat(Name,Description)&style=simple/view-dhtml.xsl",
        "downloadUrl": "http://cartweb.geography.ua.edu/lizardtech/iserv/getimage?cat=Special+Topics&item=Civil+War%2FCivilWarChickamauga1889h.sid&lev=0&wid=5000&hei=4000",
        "md5": "016ac9a21f5ea9410ca048a8a29ff516",
        "phash": "b5d26a37721c0379",
        "resolution": [
            5541,
            3400
        ],
        "fileSize": 5777136,
        "languages": [
            "eng"
        ],
        "tags": [],
        "abstract": null,
        "rights": "unknown",
        "source": {
            "name": "Alabama Maps",
            "url": "http://alabamamaps.ua.edu/historicalmaps/civilwar/chickamauga.html",
            "accessDate": "2023-03-12T17:18:07.588023+00:00"
        }
    },
    {
        "uuid": "6bc457cb-3ccf-52bf-a1a9-26c92f9be5a5",
        "authors": [
            "Kellogg, S.C."
        ],
        "displayName": "Map of the Battlefield of Chickamauga, September 19th, and 20th, 1863",
        "publishDate": {
            "year": 1889
        },
        "viewUrl": "http://cartweb.geography.ua.edu/lizardtech/iserv/calcrgn?cat=Special%20Topics&item=Civil%20War/CivilWarChickamauga1889f.sid&wid=500&hei=400&props=item(Name,Description),cat(Name,Description)&style=simple/view-dhtml.xsl",
        "downloadUrl": "http://cartweb.geography.ua.edu/lizardtech/iserv/getimage?cat=Special+Topics&item=Civil+War%2FCivilWarChickamauga1889f.sid&lev=0&wid=5000&hei=4000",
        "md5": "c8376d141891acfde5882ba073ecb835",
        "phash": "a5926a37721d4379",
        "resolution": [
            5522,
            3369
        ],
        "fileSize": 5844388,
        "languages": [
            "eng"
        ],
        "tags": [],
        "abstract": null,
        "rights": "unknown",
        "source": {
            "name": "Alabama Maps",
            "url": "http://alabamamaps.ua.edu/historicalmaps/civilwar/chickamauga.html",
            "accessDate": "2023-03-12T17:18:07.586979+00:00"
        }
    },
    {
        "uuid": "5f4dfe90-b6ba-52f3-a452-3f9884a543bd",
        "authors": [
            "Kellogg, S.C."
        ],
        "displayName": "Map of the Battlefield of Chickamauga, September 19th, and 20th, 1863",
        "publishDate": {
            "year": 1889
        },
        "viewUrl": "http://cartweb.geography.ua.edu/lizardtech/iserv/calcrgn?cat=Special%20Topics&item=Civil%20War/CivilWarChickamauga1889c.sid&wid=500&hei=400&props=item(Name,Description),cat(Name,Description)&style=simple/view-dhtml.xsl",
        "downloadUrl": "http://cartweb.geography.ua.edu/lizardtech/iserv/getimage?cat=Special+Topics&item=Civil+War%2FCivilWarChickamauga1889c.sid&lev=0&wid=5000&hei=4000",
        "md5": "02eaafc66135ef19221ff6ca434f3e8e",
        "phash": "a5d2701f661d436d",
        "resolution": [
            5559,
            3411
        ],
        "fileSize": 5417574,
        "languages": [
            "eng"
        ],
        "tags": [],
        "abstract": null,
        "rights": "unknown",
        "source": {
            "name": "Alabama Maps",
            "url": "http://alabamamaps.ua.edu/historicalmaps/civilwar/chickamauga.html",
            "accessDate": "2023-03-12T17:18:07.586979+00:00"
        }
    },
    {
        "uuid": "fb64cc46-f5e9-52e8-a966-0fe3cb5cd608",
        "authors": [
            "Kellogg, S.C."
        ],
        "displayName": "Map of the Battlefield of Chickamauga, September 19th, and 20th, 1863",
        "publishDate": {
            "year": 1889
        },
        "viewUrl": "http://cartweb.geography.ua.edu/lizardtech/iserv/calcrgn?cat=Special%20Topics&item=Civil%20War/CivilWarChickamauga1889e.sid&wid=500&hei=400&props=item(Name,Description),cat(Name,Description)&style=simple/view-dhtml.xsl",
        "downloadUrl": "http://cartweb.geography.ua.edu/lizardtech/iserv/getimage?cat=Special+Topics&item=Civil+War%2FCivilWarChickamauga1889e.sid&lev=0&wid=5000&hei=4000",
        "md5": "d8888aad7cbadcbd5d184a91dd366da6",
        "phash": "b5d2d03f721c033d",
        "resolution": [
            5533,
            3375
        ],
        "fileSize": 5673019,
        "languages": [
            "eng"
        ],
        "tags": [],
        "abstract": null,
        "rights": "unknown",
        "source": {
            "name": "Alabama Maps",
            "url": "http://alabamamaps.ua.edu/historicalmaps/civilwar/chickamauga.html",
            "accessDate": "2023-03-12T17:18:07.586979+00:00"
        }
    },
    {
        "uuid": "b9bbbf3a-763b-5e3b-91ad-331fb4e2c04a",
        "authors": [
            "Kellogg, S.C."
        ],
        "displayName": "Map of the Battlefield of Chickamauga, September 19th, and 20th, 1863",
        "publishDate": {
            "year": 1889
        },
        "viewUrl": "http://cartweb.geography.ua.edu/lizardtech/iserv/calcrgn?cat=Special%20Topics&item=Civil%20War/CivilWarChickamauga1889a.sid&wid=500&hei=400&props=item(Name,Description),cat(Name,Description)&style=simple/view-dhtml.xsl",
        "downloadUrl": "http://cartweb.geography.ua.edu/lizardtech/iserv/getimage?cat=Special+Topics&item=Civil+War%2FCivilWarChickamauga1889a.sid&lev=0&wid=5000&hei=4000",
        "md5": "634f4d4491e4aedf886ebf3c0488c73f",
        "phash": "b7d2321f761c4139",
        "resolution": [
            4582,
            2791
        ],
        "fileSize": 3518546,
        "languages": [
            "eng"
        ],
        "tags": [],
        "abstract": null,
        "rights": "unknown",
        "source": {
            "name": "Alabama Maps",
            "url": "http://alabamamaps.ua.edu/historicalmaps/civilwar/chickamauga.html",
            "accessDate": "2023-03-12T17:18:07.586979+00:00"
        }
    },
    {
        "uuid": "6a150660-8266-5828-b7ac-8a04ca4d67f0",
        "authors": [
            "Kellogg, S.C."
        ],
        "displayName": "Map of the Battlefield of Chickamauga, September 19th, and 20th, 1863",
        "publishDate": {
            "year": 1889
        },
        "viewUrl": "http://cartweb.geography.ua.edu/lizardtech/iserv/calcrgn?cat=Special%20Topics&item=Civil%20War/CivilWarChickamauga1889b.sid&wid=500&hei=400&props=item(Name,Description),cat(Name,Description)&style=simple/view-dhtml.xsl",
        "downloadUrl": "http://cartweb.geography.ua.edu/lizardtech/iserv/getimage?cat=Special+Topics&item=Civil+War%2FCivilWarChickamauga1889b.sid&lev=0&wid=5000&hei=4000",
        "md5": "808114cd0cdafabd10f5049bf6d5a4e2",
        "phash": "b7d2323f621c4339",
        "resolution": [
            5540,
            3400
        ],
        "fileSize": 5935456,
        "languages": [
            "eng"
        ],
        "tags": [],
        "abstract": null,
        "rights": "unknown",
        "source": {
            "name": "Alabama Maps",
            "url": "http://alabamamaps.ua.edu/historicalmaps/civilwar/chickamauga.html",
            "accessDate": "2023-03-12T17:18:07.586979+00:00"
        }
    },
    {
        "uuid": "10497bdb-cc9a-5a59-ae18-271cb0732806",
        "authors": [
            "Harper's"
        ],
        "displayName": "The Battle of Chickamauga, September 19th",
        "publishDate": {
            "year": 1863
        },
        "viewUrl": "http://cartweb.geography.ua.edu/lizardtech/iserv/calcrgn?cat=Special%20Topics&item=Civil%20War/CivilWarChickamauga1863a.sid&wid=500&hei=400&props=item(Name,Description),cat(Name,Description)&style=simple/view-dhtml.xsl",
        "downloadUrl": "http://cartweb.geography.ua.edu/lizardtech/iserv/getimage?cat=Special+Topics&item=Civil+War%2FCivilWarChickamauga1863a.sid&lev=0&wid=5000&hei=4000",
        "md5": "3d93ba3894cd90fc6831ce72b6508a4e",
        "phash": "bfb886c6c133e0c5",
        "resolution": [
            1963,
            2990
        ],
        "fileSize": 860778,
        "languages": [
            "eng"
        ],
        "tags": [],
        "abstract": null,
        "rights": "unknown",
        "source": {
            "name": "Alabama Maps",
            "url": "http://alabamamaps.ua.edu/historicalmaps/civilwar/chickamauga.html",
            "accessDate": "2023-03-12T17:18:07.585917+00:00"
        }
    },
    {
        "uuid": "29818bb4-63b8-594f-a0a7-6c12d33bfef4",
        "authors": [
            "Sholl, Charles"
        ],
        "displayName": "Gettysburg and Vicinity",
        "publishDate": {
            "year": 1877
        },
        "viewUrl": "http://cartweb.geography.ua.edu/lizardtech/iserv/calcrgn?cat=Special%20Topics&item=Civil%20War/CivilWarGettysburg1877a.sid&wid=500&hei=400&props=item(Name,Description),cat(Name,Description)&style=simple/view-dhtml.xsl",
        "downloadUrl": "http://cartweb.geography.ua.edu/lizardtech/iserv/getimage?cat=Special+Topics&item=Civil+War%2FCivilWarGettysburg1877a.sid&lev=0&wid=5000&hei=4000",
        "md5": "ebfd059a9a02cb163a11ff62e2c8f8cd",
        "phash": "bbe2d191c4b381ce",
        "resolution": [
            2865,
            3618
        ],
        "fileSize": 1422210,
        "languages": [
            "eng"
        ],
        "tags": [],
        "abstract": null,
        "rights": "unknown",
        "source": {
            "name": "Alabama Maps",
            "url": "http://alabamamaps.ua.edu/historicalmaps/civilwar/gettysburg.html",
            "accessDate": "2023-03-12T17:18:18.675620+00:00"
        }
    },
    {
        "uuid": "ab6620f3-085f-5567-8945-0de8ecc69357",
        "authors": [
            "Office of the Chief of Engineers, U.S. Army"
        ],
        "displayName": "Map of the Battle Field of Gettysburg, First Day",
        "publishDate": {
            "year": 1876
        },
        "viewUrl": "http://cartweb.geography.ua.edu/lizardtech/iserv/calcrgn?cat=Special%20Topics&item=Civil%20War/CivilWar1876a.sid&wid=500&hei=400&props=item(Name,Description),cat(Name,Description)&style=simple/view-dhtml.xsl",
        "downloadUrl": "http://cartweb.geography.ua.edu/lizardtech/iserv/getimage?cat=Special+Topics&item=Civil+War%2FCivilWar1876a.sid&lev=0&wid=5000&hei=4000",
        "md5": "c3e545426ccaf119a0f25417db6dff71",
        "phash": "eab9b74a88769550",
        "resolution": [
            4311,
            5312
        ],
        "fileSize": 6377100,
        "languages": [
            "eng"
        ],
        "tags": [],
        "abstract": null,
        "rights": "unknown",
        "source": {
            "name": "Alabama Maps",
            "url": "http://alabamamaps.ua.edu/historicalmaps/civilwar/gettysburg.html",
            "accessDate": "2023-03-12T17:18:18.674737+00:00"
        }
    },
    {
        "uuid": "e92f651a-496b-58a0-bf9b-d923825f469e",
        "authors": [
            "Allman, Eugene H."
        ],
        "displayName": "Map showing the Battlefield at Harrisburg, Miss., July 13-15, 1864",
        "publishDate": {
            "year": 1912
        },
        "viewUrl": "http://cartweb.geography.ua.edu/lizardtech/iserv/calcrgn?cat=Special%20Topics&item=Civil%20War/CivilWar1912a.sid&wid=500&hei=400&props=item(Name,Description),cat(Name,Description)&style=simple/view-dhtml.xsl",
        "downloadUrl": "http://cartweb.geography.ua.edu/lizardtech/iserv/getimage?cat=Special+Topics&item=Civil+War%2FCivilWar1912a.sid&lev=0&wid=5000&hei=4000",
        "md5": "d28cb770ff9e05a244aa6f799fd59692",
        "phash": "c27a33b7a58585c9",
        "resolution": [
            4947,
            3344
        ],
        "fileSize": 2421772,
        "languages": [
            "eng"
        ],
        "tags": [],
        "abstract": null,
        "rights": "unknown",
        "source": {
            "name": "Alabama Maps",
            "url": "http://alabamamaps.ua.edu/historicalmaps/civilwar/harrisburg.html",
            "accessDate": "2023-03-12T17:18:23.441342+00:00"
        }
    },
    {
        "uuid": "7470d5c8-0168-5753-b3da-1981aa657890",
        "authors": [
            "Colonna, B.A."
        ],
        "displayName": "New Market, Va., Battlefield, May 15, 1864",
        "publishDate": {
            "year": 1914
        },
        "viewUrl": "http://cartweb.geography.ua.edu/lizardtech/iserv/calcrgn?cat=Special%20Topics&item=Civil%20War/CivilWarNewMarket1914a.sid&wid=500&hei=400&props=item(Name,Description),cat(Name,Description)&style=simple/view-dhtml.xsl",
        "downloadUrl": "http://cartweb.geography.ua.edu/lizardtech/iserv/getimage?cat=Special+Topics&item=Civil+War%2FCivilWarNewMarket1914a.sid&lev=0&wid=5000&hei=4000",
        "md5": "1677b396b312fc7ba7885a2bf60eb987",
        "phash": "92a6cb591d6c2763",
        "resolution": [
            3250,
            3262
        ],
        "fileSize": 1941878,
        "languages": [
            "eng"
        ],
        "tags": [],
        "abstract": null,
        "rights": "unknown",
        "source": {
            "name": "Alabama Maps",
            "url": "http://alabamamaps.ua.edu/historicalmaps/civilwar/NewMarket.html",
            "accessDate": "2023-03-12T17:18:26.164422+00:00"
        }
    },
    {
        "uuid": "98545681-ced8-5704-879b-3bbc51161037",
        "authors": [
            "Warren, G.K."
        ],
        "displayName": "No. 1 Illustrative Map of Battle Grounds of August 28th, 29th and 30th, 1862 in the vicinity of Groveton, Prince William Co., Va.",
        "publishDate": {
            "year": 1870
        },
        "viewUrl": "http://cartweb.geography.ua.edu/lizardtech/iserv/calcrgn?cat=Special%20Topics&item=Civil%20War/CivilWarSecondBullRunf.sid&wid=500&hei=400&props=item(Name,Description),cat(Name,Description)&style=simple/view-dhtml.xsl",
        "downloadUrl": "http://cartweb.geography.ua.edu/lizardtech/iserv/getimage?cat=Special+Topics&item=Civil+War%2FCivilWarSecondBullRunf.sid&lev=0&wid=5000&hei=4000",
        "md5": "f23bd6736006768a6e2a3ecadcf64019",
        "phash": "b1d9c4360ef0f80f",
        "resolution": [
            5526,
            4694
        ],
        "fileSize": 3174517,
        "languages": [
            "eng"
        ],
        "tags": [],
        "abstract": null,
        "rights": "unknown",
        "source": {
            "name": "Alabama Maps",
            "url": "http://alabamamaps.ua.edu/historicalmaps/civilwar/secondbullrun.html",
            "accessDate": "2023-03-12T17:18:27.253564+00:00"
        }
    },
    {
        "uuid": "658faa84-dd9b-5514-962a-10eff1312573",
        "authors": null,
        "displayName": "(Command Heirarchy of the Forces involved in the Battle)",
        "publishDate": {
            "year": 1870
        },
        "viewUrl": "http://cartweb.geography.ua.edu/lizardtech/iserv/calcrgn?cat=Special%20Topics&item=Civil%20War/CivilWarSecondBullRuna.sid&wid=500&hei=400&props=item(Name,Description),cat(Name,Description)&style=simple/view-dhtml.xsl",
        "downloadUrl": "http://cartweb.geography.ua.edu/lizardtech/iserv/getimage?cat=Special+Topics&item=Civil+War%2FCivilWarSecondBullRuna.sid&lev=0&wid=5000&hei=4000",
        "md5": "4c5699eb8a4c170b03ee90a94b636894",
        "phash": "b8ec3361c13bd50d",
        "resolution": [
            5391,
            4462
        ],
        "fileSize": 2919748,
        "languages": [
            "eng"
        ],
        "tags": [],
        "abstract": null,
        "rights": "unknown",
        "source": {
            "name": "Alabama Maps",
            "url": "http://alabamamaps.ua.edu/historicalmaps/civilwar/secondbullrun.html",
            "accessDate": "2023-03-12T17:18:27.251560+00:00"
        }
    },
    {
        "uuid": "799ec37c-6d6f-5534-ae63-496575cbd159",
        "authors": [
            "Thompson, Atwell"
        ],
        "displayName": "Map of Shiloh Battlefield, Positions on the Second Day, April 7, 1862",
        "publishDate": {
            "year": 1900
        },
        "viewUrl": "http://cartweb.geography.ua.edu/lizardtech/iserv/calcrgn?cat=Special%20Topics&item=Civil%20War/CivilWarShiloh1900b.sid&wid=500&hei=400&props=item(Name,Description),cat(Name,Description)&style=simple/view-dhtml.xsl",
        "downloadUrl": "http://cartweb.geography.ua.edu/lizardtech/iserv/getimage?cat=Special+Topics&item=Civil+War%2FCivilWarShiloh1900b.sid&lev=0&wid=5000&hei=4000",
        "md5": "ed45dbcea87df95e3235fdb4596558c2",
        "phash": "f89b87580fa534d4",
        "resolution": [
            5134,
            4081
        ],
        "fileSize": 4185903,
        "languages": [
            "eng"
        ],
        "tags": [],
        "abstract": null,
        "rights": "unknown",
        "source": {
            "name": "Alabama Maps",
            "url": "http://alabamamaps.ua.edu/historicalmaps/civilwar/shiloh.html",
            "accessDate": "2023-03-12T17:18:31.500073+00:00"
        }
    },
    {
        "uuid": "96016a29-ed27-5d57-bf92-0a86abebf08c",
        "authors": [
            "Thompson, Atwell"
        ],
        "displayName": "Map of Shiloh Battlefield, Positions on the First Day, April 6, 1862",
        "publishDate": {
            "year": 1900
        },
        "viewUrl": "http://cartweb.geography.ua.edu/lizardtech/iserv/calcrgn?cat=Special%20Topics&item=Civil%20War/CivilWarShiloh1900a.sid&wid=500&hei=400&props=item(Name,Description),cat(Name,Description)&style=simple/view-dhtml.xsl",
        "downloadUrl": "http://cartweb.geography.ua.edu/lizardtech/iserv/getimage?cat=Special+Topics&item=Civil+War%2FCivilWarShiloh1900a.sid&lev=0&wid=5000&hei=4000",
        "md5": "3281468d9cdb9e0a83994792519e96d5",
        "phash": "fc1f87480fe534d0",
        "resolution": [
            5200,
            4136
        ],
        "fileSize": 3994197,
        "languages": [
            "eng"
        ],
        "tags": [],
        "abstract": null,
        "rights": "unknown",
        "source": {
            "name": "Alabama Maps",
            "url": "http://alabamamaps.ua.edu/historicalmaps/civilwar/shiloh.html",
            "accessDate": "2023-03-12T17:18:31.500073+00:00"
        }
    }
]