[
    {
        "uuid": "4db66bc0-7774-56d8-8e07-759804a372bd",
        "authors": null,
        "displayName": "El Alamein C. B. chart, Night 23/24 Oct. [1942], MDR Misc 2245.",
        "publishDate": {
            "year": 1943
        },
        "viewUrl": "https://imagesonline.bl.uk/asset/157088",
        "downloadUrl": "https://imagesonline.bl.uk/cdn/britishlibrary/previews/524/7c69f6638a6e47aef9892872d63f15fb/35/f308c8f2e949002a5a85ae8ac9b658d2/157088.jpg",
        "md5": "26ccc31ca2a9c0f3e5240b7b64a5b963",
        "phash": "c09a4a4c66e55b7b",
        "resolution": [
            923,
            1024
        ],
        "fileSize": 355680,
        "languages": null,
        "tags": [],
        "abstract": "A chart with the title El Alamein C.B. showing the positions of British army forces and an area indicated as 'three Italo German armoured battle gps.'",
        "rights": "Copyright British Library Board (Shelfmark: Maps MOD MDR Misc 2245)",
        "source": {
            "name": "British Library",
            "url": "https://imagesonline.bl.uk/asset/157088",
            "accessDate": "2023-03-10T17:14:37.075538+00:00"
        }
    },
    {
        "uuid": "8cedf362-d5b3-5c01-a69e-9c544e4d79ce",
        "authors": [
            "Playfair, William"
        ],
        "displayName": "British family antiquity : illustrative of the origin and progress of the rank, honours, and personal merit, of the nobility of the United Kingdom ; accompanied with an elegant set of chronological charts / By William Playfair ... .",
        "publishDate": [
            {
                "year": 1809
            },
            {
                "year": 1811
            }
        ],
        "viewUrl": "https://imagesonline.bl.uk/asset/158099",
        "downloadUrl": "https://imagesonline.bl.uk/cdn/britishlibrary/previews/527/0d28c9615f80944154cb1378e735f353/35/836ddbba813d0c92bd3f123641507212/158099.jpg",
        "md5": "c329b5733651ac30f85aefa031213845",
        "phash": "c0203b9d3e723b3e",
        "resolution": [
            695,
            1024
        ],
        "fileSize": 240024,
        "languages": null,
        "tags": [],
        "abstract": "'A newly invented chronological chart of British nobility ...'",
        "rights": "Copyright British Library Board (Shelfmark: 1899.f.24)",
        "source": {
            "name": "British Library",
            "url": "https://imagesonline.bl.uk/asset/158099",
            "accessDate": "2023-03-10T17:19:55.995599+00:00"
        }
    },
    {
        "uuid": "7b9086ef-d549-5456-90eb-19a43982f036",
        "authors": [
            "Playfair, William"
        ],
        "displayName": "British family antiquity : illustrative of the origin and progress of the rank, honours, and personal merit, of the nobility of the United Kingdom ; accompanied with an elegant set of chronological charts / By William Playfair ... .",
        "publishDate": [
            {
                "year": 1809
            },
            {
                "year": 1811
            }
        ],
        "viewUrl": "https://imagesonline.bl.uk/asset/158097",
        "downloadUrl": "https://imagesonline.bl.uk/cdn/britishlibrary/previews/527/f70186e3dc31a575364eb2d2fe22aee1/35/539901639c689ba333f43ee7cbd0b76b/158097.jpg",
        "md5": "d7ba96c1ef153d46c6fb0d897032f79a",
        "phash": "ca61331d25b23b9e",
        "resolution": [
            696,
            1024
        ],
        "fileSize": 235554,
        "languages": null,
        "tags": [],
        "abstract": "'A newly invented chronological chart of British nobility ...'",
        "rights": "Copyright British Library Board (Shelfmark: 1899.f.24)",
        "source": {
            "name": "British Library",
            "url": "https://imagesonline.bl.uk/asset/158097",
            "accessDate": "2023-03-10T17:20:09.591806+00:00"
        }
    },
    {
        "uuid": "b6682fea-01e8-5ae2-9c31-614f9491ab9a",
        "authors": null,
        "displayName": "Star maps from Dunhuang.",
        "publishDate": [
            {
                "year": 618
            },
            {
                "year": 906
            }
        ],
        "viewUrl": "https://imagesonline.bl.uk/asset/151696",
        "downloadUrl": "https://imagesonline.bl.uk/cdn/britishlibrary/previews/506/47277851a04c48c94349a115f4c1a9d6/35/3636c83e83ecfe21f9a6628fab72bdf9/151696.jpg",
        "md5": "949f8edd36463f5a83a1b6a9761eebb4",
        "phash": "e8260d475b3a5379",
        "resolution": [
            1024,
            1019
        ],
        "fileSize": 332412,
        "languages": null,
        "tags": [],
        "abstract": "Chinese scroll map depicting the night sky seen from northern hemisphere. It is divided according to the stations of the planet Jupiter into 12 sections.",
        "rights": "Copyright British Library Board (Shelfmark: Or.8210/S.3326)",
        "source": {
            "name": "British Library",
            "url": "https://imagesonline.bl.uk/asset/151696",
            "accessDate": "2023-03-10T17:24:27.167983+00:00"
        }
    },
    {
        "uuid": "9cac19de-4f93-5376-89e4-f63c2452d1cd",
        "authors": null,
        "displayName": "Star maps from Dunhuang.",
        "publishDate": [
            {
                "year": 618
            },
            {
                "year": 906
            }
        ],
        "viewUrl": "https://imagesonline.bl.uk/asset/151695",
        "downloadUrl": "https://imagesonline.bl.uk/cdn/britishlibrary/previews/506/3260afbd9e6d9015c760e86ae50c378b/35/324d2c5b7d4c87594bb4c92498a3ac17/151695.jpg",
        "md5": "a06f7604114343156231b7ff9f1f8afb",
        "phash": "b8964df01b8f5389",
        "resolution": [
            1024,
            1005
        ],
        "fileSize": 324409,
        "languages": null,
        "tags": [],
        "abstract": "Chinese scroll map depicting the night sky seen from northern hemisphere. It is divided according to the stations of the planet Jupiter into 12 sections.",
        "rights": "Copyright British Library Board (Shelfmark: Or.8210/S.3326)",
        "source": {
            "name": "British Library",
            "url": "https://imagesonline.bl.uk/asset/151695",
            "accessDate": "2023-03-10T17:24:44.545642+00:00"
        }
    },
    {
        "uuid": "41c73f38-0821-5038-ad73-edfda166b4b5",
        "authors": null,
        "displayName": "Star maps from Dunhuang.",
        "publishDate": [
            {
                "year": 618
            },
            {
                "year": 906
            }
        ],
        "viewUrl": "https://imagesonline.bl.uk/asset/151694",
        "downloadUrl": "https://imagesonline.bl.uk/cdn/britishlibrary/previews/506/d3901dcee2c708c424bfa722e021e770/35/0fd0a6d0b623485171ee716922682c75/151694.jpg",
        "md5": "bffd70c13806184c8f3079c1ab11458e",
        "phash": "a9ff9cc80ed031c5",
        "resolution": [
            1024,
            1007
        ],
        "fileSize": 336360,
        "languages": null,
        "tags": [],
        "abstract": "Chinese scroll map depicting the night sky seen from northern hemisphere. It is divided according to the stations of the planet Jupiter into 12 sections.",
        "rights": "Copyright British Library Board (Shelfmark: Or.8210/S.3326)",
        "source": {
            "name": "British Library",
            "url": "https://imagesonline.bl.uk/asset/151694",
            "accessDate": "2023-03-10T17:24:51.688635+00:00"
        }
    },
    {
        "uuid": "39aab026-6402-5a7f-ab21-3e7b043d181b",
        "authors": null,
        "displayName": "Star maps from Dunhuang.",
        "publishDate": [
            {
                "year": 618
            },
            {
                "year": 906
            }
        ],
        "viewUrl": "https://imagesonline.bl.uk/asset/151692",
        "downloadUrl": "https://imagesonline.bl.uk/cdn/britishlibrary/previews/506/32d9b82c85ca8b9ffab5399ac0c61b55/35/af548ca3fcdae4e971c4e34bc9b25c49/151692.jpg",
        "md5": "196210c818de99a476569f6b1220df1f",
        "phash": "88d8365b21672c7f",
        "resolution": [
            1024,
            1013
        ],
        "fileSize": 332893,
        "languages": null,
        "tags": [],
        "abstract": "Chinese scroll map depicting the night sky seen from northern hemisphere. It is divided according to the stations of the planet Jupiter into 12 sections.",
        "rights": "Copyright British Library Board (Shelfmark: Or.8210/S.3326)",
        "source": {
            "name": "British Library",
            "url": "https://imagesonline.bl.uk/asset/151692",
            "accessDate": "2023-03-10T17:25:13.791894+00:00"
        }
    },
    {
        "uuid": "8d9d238a-1b72-599d-ad13-dd8414efd00b",
        "authors": [
            "Benjamin"
        ],
        "displayName": "North French Miscellany.",
        "publishDate": [
            {
                "year": 1278
            },
            {
                "year": 1298
            }
        ],
        "viewUrl": "https://imagesonline.bl.uk/asset/18090",
        "downloadUrl": "https://imagesonline.bl.uk/cdn/britishlibrary/previews/61/65bf69c327135be220fbbd4095e20bb4/35/cb31f35a2aa34c35e9ca748a6e08c1ad/18090.jpg",
        "md5": "59ceaf0f9e5a3d3a81875c9dd03459a5",
        "phash": "9f2fc07790d407d2",
        "resolution": [
            704,
            1024
        ],
        "fileSize": 277521,
        "languages": null,
        "tags": [],
        "abstract": "Calendar chart.",
        "rights": "Copyright British Library Board (Shelfmark: Add. 11639)",
        "source": {
            "name": "British Library",
            "url": "https://imagesonline.bl.uk/asset/18090",
            "accessDate": "2023-03-10T17:36:28.426277+00:00"
        }
    },
    {
        "uuid": "1d97f9f3-2647-5c74-81b0-03cf9c508c37",
        "authors": [
            "Aspin, Jehoshaphat"
        ],
        "displayName": "A familiar treatise on astronomy, explaining the general phenome 'Urania's Mirror', or 'A view of the heavens; consisting of thirty-two cards, on which are represented all the constellations visible in the British empire; on a plan perfectly original, designed by a lady.",
        "publishDate": {
            "year": 1834
        },
        "viewUrl": "https://imagesonline.bl.uk/asset/175839",
        "downloadUrl": "https://imagesonline.bl.uk/cdn/britishlibrary/previews/587/f24bad6328aa397f7b59daf04a1cb740/35/412c956317a8ad2dea5e8337599f607c/175839.jpg",
        "md5": "424bd54b39ce6edbd88887be3cf37a73",
        "phash": "d4e73a994a9c3266",
        "resolution": [
            1024,
            727
        ],
        "fileSize": 204870,
        "languages": null,
        "tags": [],
        "abstract": "Mononceros, Canis minor. Each tissue-backed hand-coloured card depicts a major constellation with pierced holes corresponding to the size and magnitudes of the brightest stars.",
        "rights": "Copyright British Library Board (Shelfmark: C.44.a.42.(2))",
        "source": {
            "name": "British Library",
            "url": "https://imagesonline.bl.uk/asset/175839",
            "accessDate": "2023-03-10T17:46:47.043105+00:00"
        }
    },
    {
        "uuid": "2e2d0158-a0c6-5634-bf28-9d4eb16c0c7e",
        "authors": null,
        "displayName": "A Statistical Chart of Europe, uniting all that is most interesting in the Geography of that distinguished portion of the Globe: and shewing the territorial extent, the military strength, and the commercial importance of each State: by T. Myers",
        "publishDate": null,
        "viewUrl": "https://imagesonline.bl.uk/asset/191583",
        "downloadUrl": "https://imagesonline.bl.uk/cdn/britishlibrary/previews/639/bf0a3db1c5e1d9e29a47db60178032df/35/0621bdc6b4eb7d0f67e269429c9b1ac6/191583.jpg",
        "md5": "9365949dadb2e82b8180ba260ebf7984",
        "phash": "d5b52d832ea86b89",
        "resolution": [
            1024,
            908
        ],
        "fileSize": 289220,
        "languages": null,
        "tags": [],
        "abstract": null,
        "rights": "Copyright British Library Board (Shelfmark: Maps K.Top.4.101.3)",
        "source": {
            "name": "British Library",
            "url": "https://imagesonline.bl.uk/asset/191583",
            "accessDate": "2023-03-10T17:50:52.566049+00:00"
        }
    },
    {
        "uuid": "9e996756-ec65-541e-8d8f-5f484d16cdbc",
        "authors": null,
        "displayName": "Philips’ Planisphere, showing the principal Stars visible for every hour in the year.",
        "publishDate": null,
        "viewUrl": "https://imagesonline.bl.uk/asset/25834",
        "downloadUrl": "https://imagesonline.bl.uk/cdn/britishlibrary/previews/87/ecb10a5072c5d4a7585ff7c316d8fedc/35/2b34296778ff266de2c6a24608dd5f6b/25834.jpg",
        "md5": "cda1aba43791cbb9116698486aa767b8",
        "phash": "fa2484db962d9a66",
        "resolution": [
            1024,
            1024
        ],
        "fileSize": 335903,
        "languages": null,
        "tags": [],
        "abstract": "Philips’ Planisphere 1887. A map of the stars.",
        "rights": "Copyright British Library Board (Shelfmark: Maps 9.c.36)",
        "source": {
            "name": "British Library",
            "url": "https://imagesonline.bl.uk/asset/25834",
            "accessDate": "2023-03-10T17:58:06.920376+00:00"
        }
    },
    {
        "uuid": "5a2d6c6d-d6cc-510c-ae16-3913fbb8326a",
        "authors": null,
        "displayName": "Lighthouse recognition chart, Series GSGS 4481",
        "publishDate": {
            "year": 1944
        },
        "viewUrl": "https://imagesonline.bl.uk/asset/157085",
        "downloadUrl": "https://imagesonline.bl.uk/cdn/britishlibrary/previews/524/09eb4cb36594c7b753db6f6caf21a3a1/35/acff806d7390426ffdefbdcd7a26f64a/157085.jpg",
        "md5": "95481c044b746e912374e714afedfc0a",
        "phash": "c1869eb930a773cc",
        "resolution": [
            903,
            1024
        ],
        "fileSize": 309424,
        "languages": null,
        "tags": [],
        "abstract": "A charts illustrated with sketches of lighthouses along the coasts of Norway and Sweden.",
        "rights": "Copyright British Library Board (Shelfmark: Maps MOD GSGS 4481)",
        "source": {
            "name": "British Library",
            "url": "https://imagesonline.bl.uk/asset/157085",
            "accessDate": "2023-03-10T18:03:37.317903+00:00"
        }
    },
    {
        "uuid": "7e68e222-e934-5731-864c-3eddfcbbfef8",
        "authors": [
            "Ripley, William Z."
        ],
        "displayName": "The Races of Europe: a sociological study. Lowell Institute Lectures ... Accompanied by a supplementary bibliography of the anthropology and ethnology of Europe, published by the Public Library of the City of Boston.",
        "publishDate": {
            "year": 1899
        },
        "viewUrl": "https://imagesonline.bl.uk/asset/144101",
        "downloadUrl": "https://imagesonline.bl.uk/cdn/britishlibrary/previews/481/b55aa4c0917b40709f422b697d7ffac5/35/926f36b4c8bac5781d905c6873aa5d52/144101.jpg",
        "md5": "dcbb584a764d7486671a9cb1a75e76ef",
        "phash": "eeca9c1ba0678a3c",
        "resolution": [
            1020,
            1024
        ],
        "fileSize": 415439,
        "languages": null,
        "tags": [],
        "abstract": "Cephalic Index of Eastern Europe",
        "rights": "Copyright British Library Board (Shelfmark: W49/4706)",
        "source": {
            "name": "British Library",
            "url": "https://imagesonline.bl.uk/asset/144101",
            "accessDate": "2023-03-10T18:03:56.529535+00:00"
        }
    },
    {
        "uuid": "652a3af5-6ab5-5c07-8543-03f0e1f31641",
        "authors": [
            "Ripley, William Z."
        ],
        "displayName": "The Races of Europe: a sociological study. Lowell Institute Lectures ... Accompanied by a supplementary bibliography of the anthropology and ethnology of Europe, published by the Public Library of the City of Boston.",
        "publishDate": {
            "year": 1899
        },
        "viewUrl": "https://imagesonline.bl.uk/asset/144094",
        "downloadUrl": "https://imagesonline.bl.uk/cdn/britishlibrary/previews/481/fc97f9fd58aa2974fa5b4fd4e9ff14e0/35/0c4e2041e1a92116ef2d232a55c699d0/144094.jpg",
        "md5": "c7fd0d430eab76e0c3f4a9c49418a135",
        "phash": "c05a9565739e1d33",
        "resolution": [
            1024,
            896
        ],
        "fileSize": 255239,
        "languages": null,
        "tags": [],
        "abstract": "Cephalic Index of Europe",
        "rights": "Copyright British Library Board (Shelfmark: W49/4706)",
        "source": {
            "name": "British Library",
            "url": "https://imagesonline.bl.uk/asset/144094",
            "accessDate": "2023-03-10T18:04:02.968006+00:00"
        }
    },
    {
        "uuid": "1fa829c2-8112-573f-ada1-54d6511cc7c2",
        "authors": [
            "Copernicus",
            "Cellarii"
        ],
        "displayName": "Atlas Coelestis.",
        "publishDate": {
            "year": 1660
        },
        "viewUrl": "https://imagesonline.bl.uk/asset/12165",
        "downloadUrl": "https://imagesonline.bl.uk/cdn/britishlibrary/previews/41/486ee57db64a349f1123dd7a9614dee6/35/aa323d73a857303a97e2b0742d2bfafe/12165.jpg",
        "md5": "18d27f3ae814e92844671443d2245d24",
        "phash": "87b83cfc25423717",
        "resolution": [
            1024,
            848
        ],
        "fileSize": 409094,
        "languages": null,
        "tags": [],
        "abstract": "Copernicus System.",
        "rights": "Copyright British Library Board (Shelfmark: Maps.C.6.c.3)",
        "source": {
            "name": "British Library",
            "url": "https://imagesonline.bl.uk/asset/12165",
            "accessDate": "2023-03-10T18:06:25.616005+00:00"
        }
    },
    {
        "uuid": "9f57b838-bb92-5e3d-a068-e69c39da9796",
        "authors": [
            "Isidore, Saint, Bishop of Seville"
        ],
        "displayName": "Etymologies",
        "publishDate": [
            {
                "year": 1100
            },
            {
                "year": 1199
            }
        ],
        "viewUrl": "https://imagesonline.bl.uk/asset/16857",
        "downloadUrl": "https://imagesonline.bl.uk/cdn/britishlibrary/previews/57/7f5e4bfc1620d64afe09ae365a2b1a81/35/ec5c8b3597d1c923e8996889387a9efb/16857.jpg",
        "md5": "44d0b9d791d8deeb39c4f16ac2fca526",
        "phash": "a2ff83661cdca42c",
        "resolution": [
            1020,
            1024
        ],
        "fileSize": 425135,
        "languages": null,
        "tags": [],
        "abstract": "[Detail] Diagrammatic T-O map. The world is portrayed as a circle divided by a 'T' shape into three continents; Asia, Europe, and Africa",
        "rights": "Copyright British Library Board (Shelfmark: Royal 12 F. IV)",
        "source": {
            "name": "British Library",
            "url": "https://imagesonline.bl.uk/asset/16857",
            "accessDate": "2023-03-10T18:26:31.783185+00:00"
        }
    },
    {
        "uuid": "02f13d82-9ff2-5f04-9154-4ba407573dc8",
        "authors": null,
        "displayName": "Etymologies",
        "publishDate": [
            {
                "year": 1200
            },
            {
                "year": 1299
            }
        ],
        "viewUrl": "https://imagesonline.bl.uk/asset/4815",
        "downloadUrl": "https://imagesonline.bl.uk/cdn/britishlibrary/previews/17/5e00dc8f57f7afc8d3a696b7de4fc13a/35/e4d2f1135e48ceb2fedde440931d8bd6/4815.jpg",
        "md5": "bc46a9364ea579a60163280b9e27cf83",
        "phash": "fe99a106879a9a69",
        "resolution": [
            921,
            1024
        ],
        "fileSize": 296089,
        "languages": null,
        "tags": [],
        "abstract": "(Detail) Diagrammatic T-O map. The world portrayed as a circle divided by a 'T' shape into three continents, Asia, Europe, and Africa. At the base of the circle is Gades.",
        "rights": "Copyright British Library Board (Shelfmark: Add. 22797)",
        "source": {
            "name": "British Library",
            "url": "https://imagesonline.bl.uk/asset/4815",
            "accessDate": "2023-03-10T18:26:39.073704+00:00"
        }
    },
    {
        "uuid": "b191282c-9105-5bff-880b-cc5b1d4e2833",
        "authors": [
            "Isidore, Saint, Bishop of Seville"
        ],
        "displayName": "Isidori Junioris Hispalensis Episcopi epistola ad Braulionem Cæsaraugustanum Episcopum incipit feliciter. End. Isidori junioris hispalensis episcopi Ethimologiarum libri numero viginti finiunt fœliciter.",
        "publishDate": {
            "year": 1472
        },
        "viewUrl": "https://imagesonline.bl.uk/asset/24281",
        "downloadUrl": "https://imagesonline.bl.uk/cdn/britishlibrary/previews/81/cfe065ba0ebfa37462d3b6d81f8c57bc/35/037e2fbf8b02c3498e159dde55e64d41/24281.jpg",
        "md5": "c53752aca920462ea2d86da5cbc536e9",
        "phash": "bee4c0b02dc5aeb2",
        "resolution": [
            1024,
            931
        ],
        "fileSize": 325243,
        "languages": null,
        "tags": [],
        "abstract": "Illustration of a medieval T and O map showing the three continents as originated by the sons of Noah.",
        "rights": "Copyright British Library Board (Shelfmark: IB.5441)",
        "source": {
            "name": "British Library",
            "url": "https://imagesonline.bl.uk/asset/24281",
            "accessDate": "2023-03-10T18:30:50.679309+00:00"
        }
    },
    {
        "uuid": "250e5179-24bf-59e2-90ad-ac037657aa12",
        "authors": null,
        "displayName": "The European War, 1914. Map illustrating “The Western Campaign.” (Plus): etc. (Paris and environs; Berlin and environs; Map of Europe. W. & A.K. Johnston's War Map. Paris to Berlin, orographically coloured).",
        "publishDate": {
            "year": 1915
        },
        "viewUrl": "https://imagesonline.bl.uk/asset/153422",
        "downloadUrl": "https://imagesonline.bl.uk/cdn/britishlibrary/previews/512/ddc79052c81d5ea4b0c81ccb1bffcbb4/35/e76603c34776284ee56d9f2500463e6d/153422.jpg",
        "md5": "cf9dca3b93b5ee10265254f2cc7ca265",
        "phash": "e5d2a207afb29ca1",
        "resolution": [
            1024,
            776
        ],
        "fileSize": 365568,
        "languages": null,
        "tags": [],
        "abstract": "A map of Europe in 1914, the first year of the First World War. Some smaller maps showing Paris; Berlin; another map of Europe and a list of the nations of Europe.",
        "rights": "Copyright British Library Board (Shelfmark: Maps.1035.(120))",
        "source": {
            "name": "British Library",
            "url": "https://imagesonline.bl.uk/asset/153422",
            "accessDate": "2023-03-10T18:30:57.129962+00:00"
        }
    },
    {
        "uuid": "011d9bdb-a12a-5dd3-b557-3ea222b23863",
        "authors": null,
        "displayName": "Peking and environs from the German staff map of 1",
        "publishDate": {
            "year": 1909
        },
        "viewUrl": "https://imagesonline.bl.uk/asset/18823",
        "downloadUrl": "https://imagesonline.bl.uk/cdn/britishlibrary/previews/63/74cc92327fd2112fbf37de45b4f06609/35/6799bcc7d8eda7237c36d4ab6a68c21e/18823.jpg",
        "md5": "221104b40ccedd46239a1695b7dc2b5d",
        "phash": "b523869f602cf2da",
        "resolution": [
            794,
            1024
        ],
        "fileSize": 276371,
        "languages": null,
        "tags": [],
        "abstract": "Peking and environs",
        "rights": "Copyright British Library Board (Shelfmark: Maps.X.5426)",
        "source": {
            "name": "British Library",
            "url": "https://imagesonline.bl.uk/asset/18823",
            "accessDate": "2023-03-10T20:08:52.915836+00:00"
        }
    },
    {
        "uuid": "409ed236-5574-5fd1-a8ec-1a0f454233ae",
        "authors": null,
        "displayName": "Zone maps, Series GSGS 4399.",
        "publishDate": [
            {
                "year": 1943
            },
            {
                "year": 1944
            }
        ],
        "viewUrl": "https://imagesonline.bl.uk/asset/157086",
        "downloadUrl": "https://imagesonline.bl.uk/cdn/britishlibrary/previews/524/e2b067dba5e1ed83d89738fd48a874aa/35/828ef20b10b53ce0b05a8921d12363d0/157086.jpg",
        "md5": "6fb76eac8430b4b8d4e50c13205ac712",
        "phash": "d33584da618f9693",
        "resolution": [
            1024,
            993
        ],
        "fileSize": 508670,
        "languages": null,
        "tags": [],
        "abstract": "'Zone map of Dresden.'",
        "rights": "Copyright British Library Board (Shelfmark: Maps MOD GSGS 4399)",
        "source": {
            "name": "British Library",
            "url": "https://imagesonline.bl.uk/asset/157086",
            "accessDate": "2023-03-10T20:17:28.392010+00:00"
        }
    },
    {
        "uuid": "566a9380-9730-550f-8c10-d379109274b5",
        "authors": null,
        "displayName": "[Navy League Map of the British Empire. Equatorial scale, 1 : 24,000,000]",
        "publishDate": {
            "year": 1932
        },
        "viewUrl": "https://imagesonline.bl.uk/asset/148966",
        "downloadUrl": "https://imagesonline.bl.uk/cdn/britishlibrary/previews/497/1aec4887863bacb39347e8599e7d342b/35/0cd459f55b3a3a9c57ae0e59bfa9dd3e/148966.jpg",
        "md5": "98a8485247154cd3eb4dd783b9dd3d17",
        "phash": "c52632485ae5cf4f",
        "resolution": [
            1024,
            797
        ],
        "fileSize": 287321,
        "languages": null,
        "tags": [],
        "abstract": "Bottom right corner. Key and small map with the title 'the narrow seas'.",
        "rights": "Copyright British Library Board (Shelfmark: Maps.1070.(5))",
        "source": {
            "name": "British Library",
            "url": "https://imagesonline.bl.uk/asset/148966",
            "accessDate": "2023-03-10T20:21:01.212636+00:00"
        }
    },
    {
        "uuid": "3d684e3d-0b93-540b-85ab-2a25398f129d",
        "authors": null,
        "displayName": "A Map of the passage of the Moon's shadow over England, &c. in the Annular Eclipse of the Sun, which will happen on the 1st April, 1764",
        "publishDate": {
            "year": 1763
        },
        "viewUrl": "https://imagesonline.bl.uk/asset/156394",
        "downloadUrl": "https://imagesonline.bl.uk/cdn/britishlibrary/previews/522/743a89dc1210d236eca3f635e0c4b7b9/35/92b963dbd3a0056e4ecebe60dc884670/156394.jpg",
        "md5": "b68689cd7f364306df3a09ad864ea858",
        "phash": "c24b1737e53ea1c1",
        "resolution": [
            761,
            1024
        ],
        "fileSize": 287660,
        "languages": null,
        "tags": [],
        "abstract": "A map of the passage of the Moon's shadow over England",
        "rights": "Copyright British Library Board (Shelfmark: Maps K.Top.1.84)",
        "source": {
            "name": "British Library",
            "url": "https://imagesonline.bl.uk/asset/156394",
            "accessDate": "2023-03-10T20:22:23.677521+00:00"
        }
    },
    {
        "uuid": "2d23bd3c-1c11-55f1-979b-4788a93ad6cd",
        "authors": [
            "Lunandus"
        ],
        "displayName": "Arnstein Bible",
        "publishDate": {
            "year": 1172
        },
        "viewUrl": "https://imagesonline.bl.uk/asset/6425",
        "downloadUrl": "https://imagesonline.bl.uk/cdn/britishlibrary/previews/22/6055c07d36df88e5a827dabe0480321b/35/61bd72701e9ece2ccea5b0305e435330/6425.jpg",
        "md5": "5969d77932bed0e1e743cb25ef0ee673",
        "phash": "80df15b914a75d1e",
        "resolution": [
            685,
            1024
        ],
        "fileSize": 181199,
        "languages": null,
        "tags": [],
        "abstract": "Diagrams of branches of science and a circular map of the world.",
        "rights": "Copyright British Library Board (Shelfmark: Harley 2799)",
        "source": {
            "name": "British Library",
            "url": "https://imagesonline.bl.uk/asset/6425",
            "accessDate": "2023-03-10T22:22:41.844844+00:00"
        }
    },
    {
        "uuid": "747b6a0c-fd0b-5dfd-a497-f7989bb517e6",
        "authors": null,
        "displayName": "The fifty-two Countries [sic] of England and Wales described in a pack of cards",
        "publishDate": {
            "year": 1676
        },
        "viewUrl": "https://imagesonline.bl.uk/asset/173824",
        "downloadUrl": "https://imagesonline.bl.uk/cdn/britishlibrary/previews/580/99b51591792b9911964788e832c0b841/35/b4c933bbbecd300836b8b10c5e24e33e/173824.jpg",
        "md5": "c1aaff25d5c069c0a9403b3102d7cf4a",
        "phash": "d4a591d87696783c",
        "resolution": [
            648,
            1024
        ],
        "fileSize": 257167,
        "languages": null,
        "tags": [],
        "abstract": "A map of Berkshire",
        "rights": "Copyright British Library Board (Shelfmark: Maps C.7.a.33)",
        "source": {
            "name": "British Library",
            "url": "https://imagesonline.bl.uk/asset/173824",
            "accessDate": "2023-03-10T23:57:38.973651+00:00"
        }
    },
    {
        "uuid": "406e57d1-f152-53dd-81fe-23c8ff49e1bc",
        "authors": null,
        "displayName": "London Mayfair Square / Neues Luftfahrtministerium Techn. Amt.",
        "publishDate": {
            "year": 1940
        },
        "viewUrl": "https://imagesonline.bl.uk/asset/157929",
        "downloadUrl": "https://imagesonline.bl.uk/cdn/britishlibrary/previews/527/ac2c2f3499bb2ad1d4d0429fb720e445/35/cf2f012d7b80bf85627afc89b29c5224/157929.jpg",
        "md5": "4dcebd11218f45a44d8bca65a9de5d6c",
        "phash": "c0e60ddb94ad49da",
        "resolution": [
            1005,
            1024
        ],
        "fileSize": 502887,
        "languages": null,
        "tags": [],
        "abstract": "A Luftwaffe map of 'Mayfair Square'",
        "rights": "Copyright British Library Board (Shelfmark: Maps CC.5.a.555)",
        "source": {
            "name": "British Library",
            "url": "https://imagesonline.bl.uk/asset/157929",
            "accessDate": "2023-03-11T01:29:49.298231+00:00"
        }
    },
    {
        "uuid": "9cd40285-c34f-51b8-8096-c67de30620af",
        "authors": null,
        "displayName": "Asia secunda pars terrae in forma Pegasir. [Woodcut. With a Latin inscription at the bottom and a description of Asia in German on the back]",
        "publishDate": {
            "year": 1570
        },
        "viewUrl": "https://imagesonline.bl.uk/asset/162414",
        "downloadUrl": "https://imagesonline.bl.uk/cdn/britishlibrary/previews/542/d9cb78e46ef9d75994bf51ba27485b5d/35/f56c48ad96a2899b4229c3012dba1802/162414.jpg",
        "md5": "8ad059c884b498905f97d7c1ab5df232",
        "phash": "dc69bbfc83708c82",
        "resolution": [
            1024,
            847
        ],
        "fileSize": 448681,
        "languages": null,
        "tags": [],
        "abstract": "A map of Asia in the form of Pegasus",
        "rights": "Copyright British Library Board (Shelfmark: Maps * 46820.(171.))",
        "source": {
            "name": "British Library",
            "url": "https://imagesonline.bl.uk/asset/162414",
            "accessDate": "2023-03-11T01:40:07.462129+00:00"
        }
    },
    {
        "uuid": "6cdb7722-7c04-5c10-a90c-c8d3f5d78645",
        "authors": [
            "Johnstone, Harry Hamilton"
        ],
        "displayName": "British Central Africa ... With six maps and 220 illustrations, etc.",
        "publishDate": {
            "year": 1897
        },
        "viewUrl": "https://imagesonline.bl.uk/asset/165099",
        "downloadUrl": "https://imagesonline.bl.uk/cdn/britishlibrary/previews/551/a299cd868b84d2977af6795516643860/35/03115240343a254c9b3fc2721a24150b/165099.jpg",
        "md5": "760a3fe46edcc338e3d50721e0fea87a",
        "phash": "faa0464af995875a",
        "resolution": [
            733,
            1024
        ],
        "fileSize": 201167,
        "languages": null,
        "tags": [],
        "abstract": "A map of the Shire Highlands.",
        "rights": "Copyright British Library Board (Shelfmark: 2358.h.9)",
        "source": {
            "name": "British Library",
            "url": "https://imagesonline.bl.uk/asset/165099",
            "accessDate": "2023-03-11T07:20:08.436263+00:00"
        }
    },
    {
        "uuid": "c698f6f5-d287-5d57-a99a-76973d3c7f2d",
        "authors": null,
        "displayName": "Circular map of Jerusalem, with the Temple and the Holy Sepulchre",
        "publishDate": [
            {
                "year": 1100
            },
            {
                "year": 1199
            }
        ],
        "viewUrl": "https://imagesonline.bl.uk/asset/6614",
        "downloadUrl": "https://imagesonline.bl.uk/cdn/britishlibrary/previews/23/e8cedd231072105d9bc9038a64dec5b5/35/e9dd29e431b077e8deb30cbb0ce7d2bc/6614.jpg",
        "md5": "6f02fced1cb32b14389cd7d3e26523cb",
        "phash": "dde6038b6a486c79",
        "resolution": [
            652,
            1024
        ],
        "fileSize": 234269,
        "languages": null,
        "tags": [],
        "abstract": "Circular map of Jerusalem, with the Temple and the Holy Sepulchre",
        "rights": "Copyright British Library Board (Shelfmark: Harley 658)",
        "source": {
            "name": "British Library",
            "url": "https://imagesonline.bl.uk/asset/6614",
            "accessDate": "2023-03-11T07:21:14.872060+00:00"
        }
    },
    {
        "uuid": "9ffcb832-12ec-5126-a083-04fd82d8d97f",
        "authors": null,
        "displayName": "France 1:25,000 Defences, Bigot.",
        "publishDate": {
            "year": 1944
        },
        "viewUrl": "https://imagesonline.bl.uk/asset/154625",
        "downloadUrl": "https://imagesonline.bl.uk/cdn/britishlibrary/previews/516/0290e53bde93a7a28120c9a57e639ae6/35/113bc077a1f6e43939f56ce7a9c6fa44/154625.jpg",
        "md5": "d76eafaa96ab979b24128ae8db80493d",
        "phash": "c05747bc0787783d",
        "resolution": [
            1024,
            880
        ],
        "fileSize": 264996,
        "languages": null,
        "tags": [],
        "abstract": "Cherbourg. The French coast. 'Utah beach.' A map of the Second World War. American troops isolated and captured the fortified port.",
        "rights": "Copyright British Library Board (Shelfmark: Maps 14317.(259.))",
        "source": {
            "name": "British Library",
            "url": "https://imagesonline.bl.uk/asset/154625",
            "accessDate": "2023-03-11T12:56:33.305847+00:00"
        }
    },
    {
        "uuid": "cbc5955c-8c31-5479-acae-f545171e748c",
        "authors": null,
        "displayName": "[Navy League Map of the British Empire. Equatorial scale, 1 : 24,000,000]",
        "publishDate": {
            "year": 1932
        },
        "viewUrl": "https://imagesonline.bl.uk/asset/148965",
        "downloadUrl": "https://imagesonline.bl.uk/cdn/britishlibrary/previews/497/f671dcbb36f1b6878571446ee6e8410b/35/74f0f9ad797790bbdc9b7bf67bac6086/148965.jpg",
        "md5": "a864627728e73f04ca2f3760208c6b70",
        "phash": "c05a5a7a7a1be83c",
        "resolution": [
            1024,
            799
        ],
        "fileSize": 296427,
        "languages": null,
        "tags": [],
        "abstract": "Bottom left corner. Various charts and tables relating to the British empire.",
        "rights": "Copyright British Library Board (Shelfmark: Maps.1070.(5))",
        "source": {
            "name": "British Library",
            "url": "https://imagesonline.bl.uk/asset/148965",
            "accessDate": "2023-03-11T14:20:13.775383+00:00"
        }
    },
    {
        "uuid": "0d181b20-efec-5a33-8ee4-1fce08d06381",
        "authors": null,
        "displayName": "Table of the Duchy of Savoy",
        "publishDate": {
            "year": 1644
        },
        "viewUrl": "https://imagesonline.bl.uk/asset/196255",
        "downloadUrl": "https://imagesonline.bl.uk/cdn/britishlibrary/previews/655/13887158125588958866d2165cfc6490/35/2593b0c1ec2dce50cefe182018143c24/196255.jpg",
        "md5": "efd3a941e71a128547e9d71b719a42ef",
        "phash": "80863b8f2e4d7a2f",
        "resolution": [
            713,
            1024
        ],
        "fileSize": 156790,
        "languages": null,
        "tags": [],
        "abstract": "Table of the geographical and political subdivisions of the Duchy of Savoy, used to accompany Sanson's map",
        "rights": "Copyright British Library Board (Shelfmark: Maps K.Top.76.1)",
        "source": {
            "name": "British Library",
            "url": "https://imagesonline.bl.uk/asset/196255",
            "accessDate": "2023-03-11T17:48:27.809641+00:00"
        }
    },
    {
        "uuid": "9c452140-2fe6-570d-bcb3-95db6e6b4a3a",
        "authors": null,
        "displayName": "A Map of the passage of the Moon's shadow over England, &c. in the Annular Eclipse of the Sun, which will happen on the 1st April, 1764: by G. Witchell",
        "publishDate": {
            "year": 1763
        },
        "viewUrl": "https://imagesonline.bl.uk/asset/177349",
        "downloadUrl": "https://imagesonline.bl.uk/cdn/britishlibrary/previews/592/cd445e6a2e6bf749b2a6ed8a55eaf80e/35/b1210503da7c748e3b5241d969492033/177349.jpg",
        "md5": "3a0662621aec1af655c781a529a965cc",
        "phash": "d5c91bb7643c0ac5",
        "resolution": [
            747,
            1024
        ],
        "fileSize": 234099,
        "languages": null,
        "tags": [],
        "abstract": null,
        "rights": "Copyright British Library Board (Shelfmark: Maps K.Top.1.84)",
        "source": {
            "name": "British Library",
            "url": "https://imagesonline.bl.uk/asset/177349",
            "accessDate": "2023-03-11T18:27:31.682292+00:00"
        }
    },
    {
        "uuid": "0cc30a96-1e11-5642-ac2a-7af6480890dd",
        "authors": [
            "Cellarius, Andreas"
        ],
        "displayName": "Atlas Coelestis. Harmonia Macrocosmica seu Atlas Universalis et novus, totius universi creati Cosmographiam generalem, et novam exhibens ... Studio et labore Andreae Cellarii, etc. pp. 125. 219.",
        "publishDate": {
            "year": 1660
        },
        "viewUrl": "https://imagesonline.bl.uk/asset/2621",
        "downloadUrl": "https://imagesonline.bl.uk/cdn/britishlibrary/previews/9/163186db001b54f10029ee611b94c3fe/35/33be3c0b6c4507ba5df26a20ce9d2da6/2621.jpg",
        "md5": "89e9d1fbcd1465af5f22092a99eec4b9",
        "phash": "db42a91ffcb0b0e0",
        "resolution": [
            1024,
            922
        ],
        "fileSize": 443217,
        "languages": null,
        "tags": [],
        "abstract": "The Universe, with a zodiac sphere.",
        "rights": "Copyright British Library Board (Shelfmark: Maps.C.6.c.2)",
        "source": {
            "name": "British Library",
            "url": "https://imagesonline.bl.uk/asset/2621",
            "accessDate": "2023-03-11T19:42:21.134324+00:00"
        }
    },
    {
        "uuid": "2e80d9ca-7cd9-54e1-b58e-fbab3e31f89f",
        "authors": [
            "Homem, Diego"
        ],
        "displayName": "Queen Mary atlas",
        "publishDate": {
            "year": 1558
        },
        "viewUrl": "https://imagesonline.bl.uk/asset/166441",
        "downloadUrl": "https://imagesonline.bl.uk/cdn/britishlibrary/previews/555/8c5505b7c9a9a3441a9cd3788b9ab60e/35/e3644a4b4e674a96c0cfb70f15b539de/166441.jpg",
        "md5": "be2808b723d86f3a33653675de5ef8f1",
        "phash": "95427e196a726a7a",
        "resolution": [
            1024,
            764
        ],
        "fileSize": 276501,
        "languages": null,
        "tags": [],
        "abstract": "A table shewing the sun's declinations.",
        "rights": "Copyright British Library Board (Shelfmark: Add. 5415 A)",
        "source": {
            "name": "British Library",
            "url": "https://imagesonline.bl.uk/asset/166441",
            "accessDate": "2023-03-11T19:46:12.136315+00:00"
        }
    },
    {
        "uuid": "dfd0d825-820c-5622-8971-fecca87cfb67",
        "authors": [
            "Anon"
        ],
        "displayName": "Diagram of the universe follows the tradition found in the 'Puranas', the 'Mahabharata', ancient Buddhist texts and the Jain tradition. In the centre is Mount Meru or Jambu ('Rose-apple', hence the term 'Jambudvipa', Rose-apple island', for this type of map), which is the city of Brahma or the paradise of Indra. Around the centre are the elements of the four principal quarters: the seas and ocean, the islands inhabited by man, the 'Uttarakuru' or fabulous reigions, and land-masses to East & West",
        "publishDate": [
            {
                "year": 1822
            },
            {
                "year": 1840
            }
        ],
        "viewUrl": "https://imagesonline.bl.uk/asset/2111",
        "downloadUrl": "https://imagesonline.bl.uk/cdn/britishlibrary/previews/8/ad8c32d99a356bf0e184802c89a6e8e4/35/a90ec058fe8d1c6dfbb5c483f9e45f02/2111.jpg",
        "md5": "0d847ed7f2676b5b0aab35bfa63e0ced",
        "phash": "8b3b3519173f1a34",
        "resolution": [
            1009,
            1024
        ],
        "fileSize": 518611,
        "languages": null,
        "tags": [],
        "abstract": "Diagram of the universe follows the tradition found in the 'Puranas', the 'Mahabharata', ancient Buddhist texts and the Jain tradition. In the centre is Mount Meru or Jambu ('Rose-apple', hence the term 'Jambudvipa', Rose-apple island', for this type of map), which is the city of Brahma or the paradise of Indra. Around the centre are the elements of the four principal quarters: the seas and ocean, the islands inhabited by man, the 'Uttarakuru' or fabulous reigions, and land-masses to East & West",
        "rights": "Copyright British Library Board (Shelfmark: Add.Or.1812)",
        "source": {
            "name": "British Library",
            "url": "https://imagesonline.bl.uk/asset/2111",
            "accessDate": "2023-03-11T20:04:30.352442+00:00"
        }
    },
    {
        "uuid": "875cff4a-4e6f-5a4d-af14-cfae874d49a7",
        "authors": null,
        "displayName": "Tarjuma-i al-Masalik wa al-Mamalik, by al-Istakhri",
        "publishDate": [
            {
                "year": 1300
            },
            {
                "year": 1320
            }
        ],
        "viewUrl": "https://imagesonline.bl.uk/asset/20805",
        "downloadUrl": "https://imagesonline.bl.uk/cdn/britishlibrary/previews/70/c19481ef2f9dc2376a6d8957f9ae6326/35/c31299ad534769ec57cdf5aab8ee6157/20805.jpg",
        "md5": "0e870ffdf5a747a4ba8c0e2a30d37b88",
        "phash": "ab499496dc72cb34",
        "resolution": [
            723,
            1024
        ],
        "fileSize": 232675,
        "languages": null,
        "tags": [],
        "abstract": "Armenia and Azarbayjan",
        "rights": "Copyright British Library Board (Shelfmark: I.O. ISLAMIC 1026)",
        "source": {
            "name": "British Library",
            "url": "https://imagesonline.bl.uk/asset/20805",
            "accessDate": "2023-03-11T20:05:21.909248+00:00"
        }
    },
    {
        "uuid": "2e12c36e-5061-5291-a6a5-22f54165a65a",
        "authors": [
            "Harris, John"
        ],
        "displayName": "Geographical recreation or a voyage round the habitable globe.",
        "publishDate": {
            "year": 1809
        },
        "viewUrl": "https://imagesonline.bl.uk/asset/156874",
        "downloadUrl": "https://imagesonline.bl.uk/cdn/britishlibrary/previews/523/e425d6fc5243ae1da8ff71d2c28acc03/35/3448d19a3d6ba6238348162b96c77869/156874.jpg",
        "md5": "f5f8f041cdf02c8594b2cd1af5f91f74",
        "phash": "ac839596934b13fc",
        "resolution": [
            890,
            1024
        ],
        "fileSize": 389298,
        "languages": null,
        "tags": [],
        "abstract": "An illustrated circular diagram for the purposes of a game.",
        "rights": "Copyright British Library Board (Shelfmark: Maps.C.43.b.68)",
        "source": {
            "name": "British Library",
            "url": "https://imagesonline.bl.uk/asset/156874",
            "accessDate": "2023-03-11T20:06:21.289589+00:00"
        }
    }
]